PR Number,Author,PR Link
1644,bernininini,https://github.com/hackclub/OnBoard/pull/1644
1643,Irtaza2009,https://github.com/hackclub/OnBoard/pull/1643
1641,Cyteon,https://github.com/hackclub/OnBoard/pull/1641
1638,Anteterra09,https://github.com/hackclub/OnBoard/pull/1638
1636,cheyao,https://github.com/hackclub/OnBoard/pull/1636
1630,Hasnat4763,https://github.com/hackclub/OnBoard/pull/1630
1608,sahilchess,https://github.com/hackclub/OnBoard/pull/1608
1594,CyberBrainiac1,https://github.com/hackclub/OnBoard/pull/1594
1568,SomVardhan,https://github.com/hackclub/OnBoard/pull/1568
1555,ssusy,https://github.com/hackclub/OnBoard/pull/1555
1482,ANSHUMANDOCX,https://github.com/hackclub/OnBoard/pull/1482
1481,Anayjain1129,https://github.com/hackclub/OnBoard/pull/1481
1479,dreamwave12,https://github.com/hackclub/OnBoard/pull/1479
1438,Malhar-Palshikar,https://github.com/hackclub/OnBoard/pull/1438
1413,LimesKey,https://github.com/hackclub/OnBoard/pull/1413
1395,souptik-samanta,https://github.com/hackclub/OnBoard/pull/1395
1351,Acidicts,https://github.com/hackclub/OnBoard/pull/1351
1349,ANSHUMANDOCX,https://github.com/hackclub/OnBoard/pull/1349
1348,zp-86,https://github.com/hackclub/OnBoard/pull/1348
1345,LalitCreations,https://github.com/hackclub/OnBoard/pull/1345
1327,finnhagard,https://github.com/hackclub/OnBoard/pull/1327
1320,ssahoo11742,https://github.com/hackclub/OnBoard/pull/1320
1319,sindhooraraja,https://github.com/hackclub/OnBoard/pull/1319
1312,LimesKey,https://github.com/hackclub/OnBoard/pull/1312
1311,LimesKey,https://github.com/hackclub/OnBoard/pull/1311
1301,merotoon,https://github.com/hackclub/OnBoard/pull/1301
1298,Pegoku,https://github.com/hackclub/OnBoard/pull/1298
1297,PloopyR,https://github.com/hackclub/OnBoard/pull/1297
1296,Pegoku,https://github.com/hackclub/OnBoard/pull/1296
1295,Pegoku,https://github.com/hackclub/OnBoard/pull/1295
1294,Pegoku,https://github.com/hackclub/OnBoard/pull/1294
1289,Suya1671,https://github.com/hackclub/OnBoard/pull/1289
1282,uint128-t,https://github.com/hackclub/OnBoard/pull/1282
1278,radeeyate,https://github.com/hackclub/OnBoard/pull/1278
1277,JaraGuillenIvaldi,https://github.com/hackclub/OnBoard/pull/1277
1276,JaraGuillen,https://github.com/hackclub/OnBoard/pull/1276
1275,brianna-t,https://github.com/hackclub/OnBoard/pull/1275
1271,ultimatecontrollerplayer,https://github.com/hackclub/OnBoard/pull/1271
1257,Builder852,https://github.com/hackclub/OnBoard/pull/1257
1254,linetrut-h,https://github.com/hackclub/OnBoard/pull/1254
1244,souptik-samanta,https://github.com/hackclub/OnBoard/pull/1244
1243,ChristinaCD,https://github.com/hackclub/OnBoard/pull/1243
1236,Brelee2222,https://github.com/hackclub/OnBoard/pull/1236
1235,souptik-samanta,https://github.com/hackclub/OnBoard/pull/1235
1232,ANSHUMANDOCX,https://github.com/hackclub/OnBoard/pull/1232
1226,Ahnaf-nub,https://github.com/hackclub/OnBoard/pull/1226
1225,mechel38,https://github.com/hackclub/OnBoard/pull/1225
1223,Marc-Blanco,https://github.com/hackclub/OnBoard/pull/1223
1218,TangoMangoRango,https://github.com/hackclub/OnBoard/pull/1218
1213,MrKillerShaunBa,https://github.com/hackclub/OnBoard/pull/1213
1198,yuitrfh,https://github.com/hackclub/OnBoard/pull/1198
1193,Abinisha14,https://github.com/hackclub/OnBoard/pull/1193
1190,iisventi,https://github.com/hackclub/OnBoard/pull/1190
1187,Dilachi-K,https://github.com/hackclub/OnBoard/pull/1187
1186,skibapraktuah,https://github.com/hackclub/OnBoard/pull/1186
1172,xSunOcean,https://github.com/hackclub/OnBoard/pull/1172
1171,Nilaans,https://github.com/hackclub/OnBoard/pull/1171
1163,Alecsis,https://github.com/hackclub/OnBoard/pull/1163
1162,frize317,https://github.com/hackclub/OnBoard/pull/1162
1156,Turpel,https://github.com/hackclub/OnBoard/pull/1156
1146,radeeyate,https://github.com/hackclub/OnBoard/pull/1146
1144,Mirrrek,https://github.com/hackclub/OnBoard/pull/1144
1138,ouo314,https://github.com/hackclub/OnBoard/pull/1138
1123,soapy75,https://github.com/hackclub/OnBoard/pull/1123
1122,Suya1671,https://github.com/hackclub/OnBoard/pull/1122
1115,Marc-Blanco,https://github.com/hackclub/OnBoard/pull/1115
1109,michellemeng06,https://github.com/hackclub/OnBoard/pull/1109
1108,MrGolddev,https://github.com/hackclub/OnBoard/pull/1108
1104,DevMello,https://github.com/hackclub/OnBoard/pull/1104
1103,Supercolbat,https://github.com/hackclub/OnBoard/pull/1103
1075,sahitid,https://github.com/hackclub/OnBoard/pull/1075
1072,AdamTuraj,https://github.com/hackclub/OnBoard/pull/1072
1067,michellemeng06,https://github.com/hackclub/OnBoard/pull/1067
1066,hyweric,https://github.com/hackclub/OnBoard/pull/1066
1063,eyestare,https://github.com/hackclub/OnBoard/pull/1063
1060,AverseABFun,https://github.com/hackclub/OnBoard/pull/1060
1053,Ventengo1,https://github.com/hackclub/OnBoard/pull/1053
1048,Nv7-GitHub,https://github.com/hackclub/OnBoard/pull/1048
1044,JoKhannn,https://github.com/hackclub/OnBoard/pull/1044
1039,atomicf32,https://github.com/hackclub/OnBoard/pull/1039
1031,Mochi-iOS,https://github.com/hackclub/OnBoard/pull/1031
1028,second2falcon,https://github.com/hackclub/OnBoard/pull/1028
1025,basicbadass,https://github.com/hackclub/OnBoard/pull/1025
1023,hyperficial,https://github.com/hackclub/OnBoard/pull/1023
1022,RohitPandey1729,https://github.com/hackclub/OnBoard/pull/1022
1016,astarryknight,https://github.com/hackclub/OnBoard/pull/1016
1013,Patcybermind,https://github.com/hackclub/OnBoard/pull/1013
1012,MohammedMMC,https://github.com/hackclub/OnBoard/pull/1012
1011,fatuma-tahalil,https://github.com/hackclub/OnBoard/pull/1011
1009,cheeseroll23,https://github.com/hackclub/OnBoard/pull/1009
1007,manifhlow,https://github.com/hackclub/OnBoard/pull/1007
1006,eyestare,https://github.com/hackclub/OnBoard/pull/1006
1004,sinarck,https://github.com/hackclub/OnBoard/pull/1004
1003,Mirrrek,https://github.com/hackclub/OnBoard/pull/1003
1002,LimesKey,https://github.com/hackclub/OnBoard/pull/1002
1001,ghost,https://github.com/hackclub/OnBoard/pull/1001
1000,akulsaju,https://github.com/hackclub/OnBoard/pull/1000
997,AdamTuraj,https://github.com/hackclub/OnBoard/pull/997
995,souptik-samanta,https://github.com/hackclub/OnBoard/pull/995
994,ghost,https://github.com/hackclub/OnBoard/pull/994
992,eesazahed,https://github.com/hackclub/OnBoard/pull/992
990,ghost,https://github.com/hackclub/OnBoard/pull/990
985,copybara1,https://github.com/hackclub/OnBoard/pull/985
984,gabrieldrl,https://github.com/hackclub/OnBoard/pull/984
980,ANSHUMANDOCX,https://github.com/hackclub/OnBoard/pull/980
979,ANSHUMANDOCX,https://github.com/hackclub/OnBoard/pull/979
974,alx-alexpark,https://github.com/hackclub/OnBoard/pull/974
973,astarryknight,https://github.com/hackclub/OnBoard/pull/973
972,krishnans2006,https://github.com/hackclub/OnBoard/pull/972
971,Yash00241,https://github.com/hackclub/OnBoard/pull/971
970,kramerbastian,https://github.com/hackclub/OnBoard/pull/970
968,usedgenes,https://github.com/hackclub/OnBoard/pull/968
965,1millon1,https://github.com/hackclub/OnBoard/pull/965
964,JimmmithyOrSomething,https://github.com/hackclub/OnBoard/pull/964
962,Yash00241,https://github.com/hackclub/OnBoard/pull/962
960,dfedor2008,https://github.com/hackclub/OnBoard/pull/960
959,Mirrrek,https://github.com/hackclub/OnBoard/pull/959
957,Yash00241,https://github.com/hackclub/OnBoard/pull/957
956,Yash00241,https://github.com/hackclub/OnBoard/pull/956
952,dylanjryang,https://github.com/hackclub/OnBoard/pull/952
948,anirudh12032008,https://github.com/hackclub/OnBoard/pull/948
947,bigbainc,https://github.com/hackclub/OnBoard/pull/947
946,nicolandu,https://github.com/hackclub/OnBoard/pull/946
941,AdyaS2010,https://github.com/hackclub/OnBoard/pull/941
939,LimesKey,https://github.com/hackclub/OnBoard/pull/939
937,arjundeshpande08,https://github.com/hackclub/OnBoard/pull/937
935,ghost,https://github.com/hackclub/OnBoard/pull/935
932,Rand0m0User1,https://github.com/hackclub/OnBoard/pull/932
931,v1peridae,https://github.com/hackclub/OnBoard/pull/931
929,Kerman-ap,https://github.com/hackclub/OnBoard/pull/929
926,scarlettekk,https://github.com/hackclub/OnBoard/pull/926
920,ghost,https://github.com/hackclub/OnBoard/pull/920
919,Pegoku,https://github.com/hackclub/OnBoard/pull/919
918,Aaryan-N,https://github.com/hackclub/OnBoard/pull/918
917,Lazylllama,https://github.com/hackclub/OnBoard/pull/917
916,yashsethu,https://github.com/hackclub/OnBoard/pull/916
915,shim-sham,https://github.com/hackclub/OnBoard/pull/915
914,TheTwoBoom,https://github.com/hackclub/OnBoard/pull/914
913,thelegendofmario,https://github.com/hackclub/OnBoard/pull/913
910,amino47,https://github.com/hackclub/OnBoard/pull/910
909,ghost,https://github.com/hackclub/OnBoard/pull/909
908,karmanyaahm,https://github.com/hackclub/OnBoard/pull/908
907,karmanyaahm,https://github.com/hackclub/OnBoard/pull/907
906,gopaldotcom,https://github.com/hackclub/OnBoard/pull/906
903,alphabit117,https://github.com/hackclub/OnBoard/pull/903
892,MrPurpleSocks,https://github.com/hackclub/OnBoard/pull/892
885,abelanagy,https://github.com/hackclub/OnBoard/pull/885
882,Ssmidge,https://github.com/hackclub/OnBoard/pull/882
876,abcKFC68,https://github.com/hackclub/OnBoard/pull/876
874,Beenana02,https://github.com/hackclub/OnBoard/pull/874
871,Jark5455,https://github.com/hackclub/OnBoard/pull/871
867,fatpotato317,https://github.com/hackclub/OnBoard/pull/867
864,ShahkerTHD,https://github.com/hackclub/OnBoard/pull/864
863,VM-fll,https://github.com/hackclub/OnBoard/pull/863
861,usedgenes,https://github.com/hackclub/OnBoard/pull/861
855,whatwareweb,https://github.com/hackclub/OnBoard/pull/855
854,vintheruler1,https://github.com/hackclub/OnBoard/pull/854
848,Aryankpoor,https://github.com/hackclub/OnBoard/pull/848
847,Shibedev12,https://github.com/hackclub/OnBoard/pull/847
837,Cral-Cactus,https://github.com/hackclub/OnBoard/pull/837
834,LimesKey,https://github.com/hackclub/OnBoard/pull/834
830,LandonBayer,https://github.com/hackclub/OnBoard/pull/830
821,OrhanYigitDurmaz,https://github.com/hackclub/OnBoard/pull/821
808,leowilkin,https://github.com/hackclub/OnBoard/pull/808
805,NIKHIL2XD,https://github.com/hackclub/OnBoard/pull/805
794,Projachmann,https://github.com/hackclub/OnBoard/pull/794
783,Icemaster-Eric,https://github.com/hackclub/OnBoard/pull/783
771,adityanaravane,https://github.com/hackclub/OnBoard/pull/771
768,makingmistakes,https://github.com/hackclub/OnBoard/pull/768
760,B-Eddie,https://github.com/hackclub/OnBoard/pull/760
749,KaranTKS,https://github.com/hackclub/OnBoard/pull/749
747,Sreekar617,https://github.com/hackclub/OnBoard/pull/747
744,anqueue,https://github.com/hackclub/OnBoard/pull/744
743,ibhat2010,https://github.com/hackclub/OnBoard/pull/743
736,RagavVijairaj,https://github.com/hackclub/OnBoard/pull/736
727,ScapularSteam,https://github.com/hackclub/OnBoard/pull/727
720,ckeane26,https://github.com/hackclub/OnBoard/pull/720
717,chardynamics,https://github.com/hackclub/OnBoard/pull/717
700,ercrice,https://github.com/hackclub/OnBoard/pull/700
699,makingmistakes,https://github.com/hackclub/OnBoard/pull/699
698,24c02,https://github.com/hackclub/OnBoard/pull/698
696,chardynamics,https://github.com/hackclub/OnBoard/pull/696
694,ercrice,https://github.com/hackclub/OnBoard/pull/694
683,elberto22,https://github.com/hackclub/OnBoard/pull/683
668,24c02,https://github.com/hackclub/OnBoard/pull/668
664,Mikeymoo5,https://github.com/hackclub/OnBoard/pull/664
660,tnb24,https://github.com/hackclub/OnBoard/pull/660
618,sampoder,https://github.com/hackclub/OnBoard/pull/618
610,46-HA,https://github.com/hackclub/OnBoard/pull/610
609,KaiPereira,https://github.com/hackclub/OnBoard/pull/609
607,jpt1729,https://github.com/hackclub/OnBoard/pull/607
601,NotARoomba,https://github.com/hackclub/OnBoard/pull/601
592,Nat3z,https://github.com/hackclub/OnBoard/pull/592
587,iUnstable0,https://github.com/hackclub/OnBoard/pull/587
584,CodeWithShreyans,https://github.com/hackclub/OnBoard/pull/584
579,ishaan10x,https://github.com/hackclub/OnBoard/pull/579
560,Deetschoe,https://github.com/hackclub/OnBoard/pull/560
559,Wildbush76,https://github.com/hackclub/OnBoard/pull/559
555,amirzzz23,https://github.com/hackclub/OnBoard/pull/555
540,arashsaifi,https://github.com/hackclub/OnBoard/pull/540
530,rivques,https://github.com/hackclub/OnBoard/pull/530
527,APurbiya,https://github.com/hackclub/OnBoard/pull/527
522,davidtfromnc,https://github.com/hackclub/OnBoard/pull/522
501,perneet-bhathal,https://github.com/hackclub/OnBoard/pull/501
476,Alecsis,https://github.com/hackclub/OnBoard/pull/476
474,rstenlund,https://github.com/hackclub/OnBoard/pull/474
453,PilliSiddharth,https://github.com/hackclub/OnBoard/pull/453
450,AriM224,https://github.com/hackclub/OnBoard/pull/450
449,gitcomit8,https://github.com/hackclub/OnBoard/pull/449
442,Jckoneal,https://github.com/hackclub/OnBoard/pull/442
440,davidtfromnc,https://github.com/hackclub/OnBoard/pull/440
438,Alecsis,https://github.com/hackclub/OnBoard/pull/438
433,ItsAkshatSh,https://github.com/hackclub/OnBoard/pull/433
424,Raptor-Coder,https://github.com/hackclub/OnBoard/pull/424
423,GeckoK,https://github.com/hackclub/OnBoard/pull/423
416,pxldevv,https://github.com/hackclub/OnBoard/pull/416
395,Jckoneal,https://github.com/hackclub/OnBoard/pull/395
362,therealfiish,https://github.com/hackclub/OnBoard/pull/362
361,ebilesh,https://github.com/hackclub/OnBoard/pull/361
359,thecooldoggo,https://github.com/hackclub/OnBoard/pull/359
357,aaronjamt,https://github.com/hackclub/OnBoard/pull/357
356,APurbiya,https://github.com/hackclub/OnBoard/pull/356
342,Vinci-C,https://github.com/hackclub/OnBoard/pull/342
334,AyaanT0,https://github.com/hackclub/OnBoard/pull/334
310,AverseABFun,https://github.com/hackclub/OnBoard/pull/310
304,AgentM7,https://github.com/hackclub/OnBoard/pull/304
302,torbers,https://github.com/hackclub/OnBoard/pull/302
291,polypixeldev,https://github.com/hackclub/OnBoard/pull/291
287,tamzid1000,https://github.com/hackclub/OnBoard/pull/287
279,karmanyaahm,https://github.com/hackclub/OnBoard/pull/279
277,ghost,https://github.com/hackclub/OnBoard/pull/277
269,taciturnaxolotl,https://github.com/hackclub/OnBoard/pull/269
253,Connor2648,https://github.com/hackclub/OnBoard/pull/253
248,Connor2648,https://github.com/hackclub/OnBoard/pull/248
246,taciturnaxolotl,https://github.com/hackclub/OnBoard/pull/246
236,rouguecrow10639,https://github.com/hackclub/OnBoard/pull/236
219,krrishvchhabra,https://github.com/hackclub/OnBoard/pull/219
218,Samarpan1122,https://github.com/hackclub/OnBoard/pull/218
208,AsherCarneiro,https://github.com/hackclub/OnBoard/pull/208
202,MichaByte,https://github.com/hackclub/OnBoard/pull/202
200,Shrit1401,https://github.com/hackclub/OnBoard/pull/200
195,BoredFishRE,https://github.com/hackclub/OnBoard/pull/195
187,2008wbbv,https://github.com/hackclub/OnBoard/pull/187
185,rivques,https://github.com/hackclub/OnBoard/pull/185
179,IceChes,https://github.com/hackclub/OnBoard/pull/179
139,Speedlet1,https://github.com/hackclub/OnBoard/pull/139
135,ambraglow,https://github.com/hackclub/OnBoard/pull/135
132,Axiom0599,https://github.com/hackclub/OnBoard/pull/132
122,devramsean0,https://github.com/hackclub/OnBoard/pull/122
114,tandej,https://github.com/hackclub/OnBoard/pull/114
113,MichaByte,https://github.com/hackclub/OnBoard/pull/113
108,Amagtoto,https://github.com/hackclub/OnBoard/pull/108
100,BLADE9078,https://github.com/hackclub/OnBoard/pull/100
99,sahilchess,https://github.com/hackclub/OnBoard/pull/99
98,Hugoyhu,https://github.com/hackclub/OnBoard/pull/98
83,DivyaeArya,https://github.com/hackclub/OnBoard/pull/83
81,haitomnsg,https://github.com/hackclub/OnBoard/pull/81
52,Babyyoda777,https://github.com/hackclub/OnBoard/pull/52
50,briyandyju09,https://github.com/hackclub/OnBoard/pull/50
48,DevSrijit,https://github.com/hackclub/OnBoard/pull/48
47,Shrey-Mehra,https://github.com/hackclub/OnBoard/pull/47
44,CoolCoderSJ,https://github.com/hackclub/OnBoard/pull/44
42,Leo32345,https://github.com/hackclub/OnBoard/pull/42
