PR Link,Status
https://github.com/hackclub/OnBoard/pull/1644,not in msli
https://github.com/hackclub/OnBoard/pull/1643,not in msli
https://github.com/hackclub/OnBoard/pull/1641,not in msli
https://github.com/hackclub/OnBoard/pull/1638,not in msli
https://github.com/hackclub/OnBoard/pull/1636,not in msli
https://github.com/hackclub/OnBoard/pull/1630,not in msli
https://github.com/hackclub/OnBoard/pull/1608,not in msli
https://github.com/hackclub/OnBoard/pull/1594,not in msli
https://github.com/hackclub/OnBoard/pull/1482,not in msli
https://github.com/hackclub/OnBoard/pull/1481,not in msli
https://github.com/hackclub/OnBoard/pull/1479,not in msli
https://github.com/hackclub/OnBoard/pull/1438,not in msli
https://github.com/hackclub/OnBoard/pull/1413,not in msli
https://github.com/hackclub/OnBoard/pull/1395,not in msli
https://github.com/hackclub/OnBoard/pull/1351,not in msli
https://github.com/hackclub/OnBoard/pull/1349,not in msli
https://github.com/hackclub/OnBoard/pull/1348,not in msli
https://github.com/hackclub/OnBoard/pull/1345,not in msli
https://github.com/hackclub/OnBoard/pull/1312,not in msli
https://github.com/hackclub/OnBoard/pull/1311,not in msli
https://github.com/hackclub/OnBoard/pull/1301,not in msli
https://github.com/hackclub/OnBoard/pull/1298,not in msli
https://github.com/hackclub/OnBoard/pull/1297,not in msli
https://github.com/hackclub/OnBoard/pull/1296,not in msli
https://github.com/hackclub/OnBoard/pull/1295,not in msli
https://github.com/hackclub/OnBoard/pull/1294,not in msli
https://github.com/hackclub/OnBoard/pull/1289,not in msli
https://github.com/hackclub/OnBoard/pull/1282,not in msli
https://github.com/hackclub/OnBoard/pull/1278,not in msli
https://github.com/hackclub/OnBoard/pull/1277,not in msli
https://github.com/hackclub/OnBoard/pull/1275,not in msli
https://github.com/hackclub/OnBoard/pull/1271,not in msli
https://github.com/hackclub/OnBoard/pull/1257,not in msli
https://github.com/hackclub/OnBoard/pull/1254,not in msli
https://github.com/hackclub/OnBoard/pull/1244,not in msli
https://github.com/hackclub/OnBoard/pull/1243,not in msli
https://github.com/hackclub/OnBoard/pull/1236,not in msli
https://github.com/hackclub/OnBoard/pull/1235,not in msli
https://github.com/hackclub/OnBoard/pull/1232,not in msli
https://github.com/hackclub/OnBoard/pull/1226,not in msli
https://github.com/hackclub/OnBoard/pull/1225,not in msli
https://github.com/hackclub/OnBoard/pull/1223,not in msli
https://github.com/hackclub/OnBoard/pull/1213,not in msli
https://github.com/hackclub/OnBoard/pull/1198,not in msli
https://github.com/hackclub/OnBoard/pull/1193,not in msli
https://github.com/hackclub/OnBoard/pull/1190,not in msli
https://github.com/hackclub/OnBoard/pull/1187,not in msli
https://github.com/hackclub/OnBoard/pull/1186,not in msli
https://github.com/hackclub/OnBoard/pull/1171,not in msli
https://github.com/hackclub/OnBoard/pull/1163,not in msli
https://github.com/hackclub/OnBoard/pull/1162,not in msli
https://github.com/hackclub/OnBoard/pull/1146,not in msli
https://github.com/hackclub/OnBoard/pull/1144,not in msli
https://github.com/hackclub/OnBoard/pull/1138,not in msli
https://github.com/hackclub/OnBoard/pull/1115,not in msli
https://github.com/hackclub/OnBoard/pull/1109,not in msli
https://github.com/hackclub/OnBoard/pull/1103,not in msli
https://github.com/hackclub/OnBoard/pull/1075,not in msli
https://github.com/hackclub/OnBoard/pull/1072,not in msli
https://github.com/hackclub/OnBoard/pull/1067,not in msli
https://github.com/hackclub/OnBoard/pull/1066,not in msli
https://github.com/hackclub/OnBoard/pull/1063,not in msli
https://github.com/hackclub/OnBoard/pull/1060,not in msli
https://github.com/hackclub/OnBoard/pull/1053,not in msli
https://github.com/hackclub/OnBoard/pull/1048,not in msli
https://github.com/hackclub/OnBoard/pull/1044,not in msli
https://github.com/hackclub/OnBoard/pull/1039,not in msli
https://github.com/hackclub/OnBoard/pull/1028,not in msli
https://github.com/hackclub/OnBoard/pull/1025,not in msli
https://github.com/hackclub/OnBoard/pull/1022,not in msli
https://github.com/hackclub/OnBoard/pull/1016,not in msli
https://github.com/hackclub/OnBoard/pull/1013,not in msli
https://github.com/hackclub/OnBoard/pull/1012,not in msli
https://github.com/hackclub/OnBoard/pull/1011,not in msli
https://github.com/hackclub/OnBoard/pull/1009,not in msli
https://github.com/hackclub/OnBoard/pull/1007,not in msli
https://github.com/hackclub/OnBoard/pull/1006,not in msli
https://github.com/hackclub/OnBoard/pull/1004,not in msli
https://github.com/hackclub/OnBoard/pull/1003,not in msli
https://github.com/hackclub/OnBoard/pull/1002,not in msli
https://github.com/hackclub/OnBoard/pull/1001,not in msli
https://github.com/hackclub/OnBoard/pull/1000,not in msli
https://github.com/hackclub/OnBoard/pull/997,not in msli
https://github.com/hackclub/OnBoard/pull/995,not in msli
https://github.com/hackclub/OnBoard/pull/992,not in msli
https://github.com/hackclub/OnBoard/pull/990,not in msli
https://github.com/hackclub/OnBoard/pull/985,not in msli
https://github.com/hackclub/OnBoard/pull/984,not in msli
https://github.com/hackclub/OnBoard/pull/980,not in msli
https://github.com/hackclub/OnBoard/pull/979,not in msli
https://github.com/hackclub/OnBoard/pull/974,not in msli
https://github.com/hackclub/OnBoard/pull/973,not in msli
https://github.com/hackclub/OnBoard/pull/972,not in msli
https://github.com/hackclub/OnBoard/pull/971,not in msli
https://github.com/hackclub/OnBoard/pull/970,not in msli
https://github.com/hackclub/OnBoard/pull/968,not in msli
https://github.com/hackclub/OnBoard/pull/965,not in msli
https://github.com/hackclub/OnBoard/pull/964,not in msli
https://github.com/hackclub/OnBoard/pull/962,not in msli
https://github.com/hackclub/OnBoard/pull/960,not in msli
https://github.com/hackclub/OnBoard/pull/959,not in msli
https://github.com/hackclub/OnBoard/pull/957,not in msli
https://github.com/hackclub/OnBoard/pull/956,not in msli
https://github.com/hackclub/OnBoard/pull/952,not in msli
https://github.com/hackclub/OnBoard/pull/948,not in msli
https://github.com/hackclub/OnBoard/pull/947,not in msli
https://github.com/hackclub/OnBoard/pull/946,not in msli
https://github.com/hackclub/OnBoard/pull/941,not in msli
https://github.com/hackclub/OnBoard/pull/939,not in msli
https://github.com/hackclub/OnBoard/pull/937,not in msli
https://github.com/hackclub/OnBoard/pull/935,not in msli
https://github.com/hackclub/OnBoard/pull/932,not in msli
https://github.com/hackclub/OnBoard/pull/931,not in msli
https://github.com/hackclub/OnBoard/pull/929,not in msli
https://github.com/hackclub/OnBoard/pull/926,not in msli
https://github.com/hackclub/OnBoard/pull/920,not in msli
https://github.com/hackclub/OnBoard/pull/919,not in msli
https://github.com/hackclub/OnBoard/pull/918,not in msli
https://github.com/hackclub/OnBoard/pull/917,not in msli
https://github.com/hackclub/OnBoard/pull/916,not in msli
https://github.com/hackclub/OnBoard/pull/915,not in msli
https://github.com/hackclub/OnBoard/pull/914,not in msli
https://github.com/hackclub/OnBoard/pull/913,not in msli
https://github.com/hackclub/OnBoard/pull/910,not in msli
https://github.com/hackclub/OnBoard/pull/909,not in msli
https://github.com/hackclub/OnBoard/pull/908,not in msli
https://github.com/hackclub/OnBoard/pull/907,not in msli
https://github.com/hackclub/OnBoard/pull/906,not in msli
https://github.com/hackclub/OnBoard/pull/903,not in msli
https://github.com/hackclub/OnBoard/pull/885,not in msli
https://github.com/hackclub/OnBoard/pull/882,not in msli
https://github.com/hackclub/OnBoard/pull/876,not in msli
https://github.com/hackclub/OnBoard/pull/874,not in msli
https://github.com/hackclub/OnBoard/pull/871,not in msli
https://github.com/hackclub/OnBoard/pull/867,not in msli
https://github.com/hackclub/OnBoard/pull/864,not in msli
https://github.com/hackclub/OnBoard/pull/861,not in msli
https://github.com/hackclub/OnBoard/pull/855,not in msli
https://github.com/hackclub/OnBoard/pull/854,not in msli
https://github.com/hackclub/OnBoard/pull/848,not in msli
https://github.com/hackclub/OnBoard/pull/837,not in msli
https://github.com/hackclub/OnBoard/pull/834,not in msli
https://github.com/hackclub/OnBoard/pull/830,not in msli
https://github.com/hackclub/OnBoard/pull/808,not in msli
https://github.com/hackclub/OnBoard/pull/805,not in msli
https://github.com/hackclub/OnBoard/pull/794,not in msli
https://github.com/hackclub/OnBoard/pull/783,not in msli
https://github.com/hackclub/OnBoard/pull/771,not in msli
https://github.com/hackclub/OnBoard/pull/749,not in msli
https://github.com/hackclub/OnBoard/pull/744,not in msli
https://github.com/hackclub/OnBoard/pull/743,not in msli
https://github.com/hackclub/OnBoard/pull/727,not in msli
https://github.com/hackclub/OnBoard/pull/720,not in msli
https://github.com/hackclub/OnBoard/pull/717,not in msli
https://github.com/hackclub/OnBoard/pull/698,not in msli
https://github.com/hackclub/OnBoard/pull/696,not in msli
https://github.com/hackclub/OnBoard/pull/694,not in msli
https://github.com/hackclub/OnBoard/pull/683,not in msli
https://github.com/hackclub/OnBoard/pull/668,not in msli
https://github.com/hackclub/OnBoard/pull/618,not in msli
https://github.com/hackclub/OnBoard/pull/607,not in msli
https://github.com/hackclub/OnBoard/pull/587,not in msli
https://github.com/hackclub/OnBoard/pull/559,not in msli
https://github.com/hackclub/OnBoard/pull/555,not in msli
https://github.com/hackclub/OnBoard/pull/540,not in msli
https://github.com/hackclub/OnBoard/pull/530,not in msli
https://github.com/hackclub/OnBoard/pull/527,not in msli
https://github.com/hackclub/OnBoard/pull/522,not in msli
https://github.com/hackclub/OnBoard/pull/501,not in msli
https://github.com/hackclub/OnBoard/pull/476,not in msli
https://github.com/hackclub/OnBoard/pull/453,not in msli
https://github.com/hackclub/OnBoard/pull/450,not in msli
https://github.com/hackclub/OnBoard/pull/449,not in msli
https://github.com/hackclub/OnBoard/pull/442,not in msli
https://github.com/hackclub/OnBoard/pull/395,not in msli
https://github.com/hackclub/OnBoard/pull/362,not in msli
https://github.com/hackclub/OnBoard/pull/356,not in msli
https://github.com/hackclub/OnBoard/pull/310,not in msli
https://github.com/hackclub/OnBoard/pull/291,not in msli
https://github.com/hackclub/OnBoard/pull/287,not in msli
https://github.com/hackclub/OnBoard/pull/279,not in msli
https://github.com/hackclub/OnBoard/pull/253,not in msli
https://github.com/hackclub/OnBoard/pull/248,not in msli
https://github.com/hackclub/OnBoard/pull/246,not in msli
https://github.com/hackclub/OnBoard/pull/236,not in msli
https://github.com/hackclub/OnBoard/pull/219,not in msli
https://github.com/hackclub/OnBoard/pull/218,not in msli
https://github.com/hackclub/OnBoard/pull/208,not in msli
https://github.com/hackclub/OnBoard/pull/195,not in msli
https://github.com/hackclub/OnBoard/pull/187,not in msli
https://github.com/hackclub/OnBoard/pull/185,not in msli
https://github.com/hackclub/OnBoard/pull/179,not in msli
https://github.com/hackclub/OnBoard/pull/139,not in msli
https://github.com/hackclub/OnBoard/pull/132,not in msli
https://github.com/hackclub/OnBoard/pull/122,not in msli
https://github.com/hackclub/OnBoard/pull/114,not in msli
https://github.com/hackclub/OnBoard/pull/113,not in msli
https://github.com/hackclub/OnBoard/pull/100,not in msli
https://github.com/hackclub/OnBoard/pull/99,not in msli
https://github.com/hackclub/OnBoard/pull/98,not in msli
https://github.com/hackclub/OnBoard/pull/52,not in msli
https://github.com/hackclub/OnBoard/pull/50,not in msli
https://github.com/hackclub/OnBoard/pull/48,not in msli
https://github.com/hackclub/OnBoard/pull/47,not in msli
https://github.com/hackclub/OnBoard/pull/44,not in msli
https://github.com/hackclub/OnBoard/pull/42,not in msli
