PR Number,Author,Labels,PR Link
1644,bernininini,submission,https://github.com/hackclub/OnBoard/pull/1644
1643,Irtaza2009,submission,https://github.com/hackclub/OnBoard/pull/1643
1641,Cyteon,submission,https://github.com/hackclub/OnBoard/pull/1641
1638,Anteterra09,submission,https://github.com/hackclub/OnBoard/pull/1638
1636,cheyao,submission,https://github.com/hackclub/OnBoard/pull/1636
1633,Jyst7,"submission, pixeldust",https://github.com/hackclub/OnBoard/pull/1633
1632,sahilchess,submission,https://github.com/hackclub/OnBoard/pull/1632
1631,REGEX777,submission,https://github.com/hackclub/OnBoard/pull/1631
1630,Hasnat4763,submission,https://github.com/hackclub/OnBoard/pull/1630
1629,dafanimation,"submission, pegoku usb hub workshop",https://github.com/hackclub/OnBoard/pull/1629
1628,elijahrs-gh,submission,https://github.com/hackclub/OnBoard/pull/1628
1627,AlanikREDAWN,submission,https://github.com/hackclub/OnBoard/pull/1627
1626,isobel-p,submission,https://github.com/hackclub/OnBoard/pull/1626
1625,Hasnat4763,submission,https://github.com/hackclub/OnBoard/pull/1625
1624,Simon-Wilke,submission,https://github.com/hackclub/OnBoard/pull/1624
1623,VoidPixelator,"submission, no hcb needed",https://github.com/hackclub/OnBoard/pull/1623
1622,Badbird5907,submission,https://github.com/hackclub/OnBoard/pull/1622
1621,QuantumQuokka429,submission,https://github.com/hackclub/OnBoard/pull/1621
1620,VoidPixelator,submission,https://github.com/hackclub/OnBoard/pull/1620
1618,ffugyCerise,submission,https://github.com/hackclub/OnBoard/pull/1618
1613,cheyao,submission,https://github.com/hackclub/OnBoard/pull/1613
1612,Srhurdirsati,submission,https://github.com/hackclub/OnBoard/pull/1612
1609,DinosaurPotato534,submission,https://github.com/hackclub/OnBoard/pull/1609
1608,sahilchess,submission,https://github.com/hackclub/OnBoard/pull/1608
1607,GussOpSchool,"submission, pegoku usb hub workshop",https://github.com/hackclub/OnBoard/pull/1607
1606,davidcoral2-cell,"submission, pegoku usb hub workshop",https://github.com/hackclub/OnBoard/pull/1606
1605,JordiMC1,"submission, pegoku usb hub workshop",https://github.com/hackclub/OnBoard/pull/1605
1604,cliped-by-aris,"submission, pegoku usb hub workshop",https://github.com/hackclub/OnBoard/pull/1604
1603,Ivanleon123,"submission, pegoku usb hub workshop",https://github.com/hackclub/OnBoard/pull/1603
1602,AbanobGRH,submission,https://github.com/hackclub/OnBoard/pull/1602
1600,oafusoak,submission,https://github.com/hackclub/OnBoard/pull/1600
1598,SamannoyB,submission,https://github.com/hackclub/OnBoard/pull/1598
1597,Jimithy339,submission,https://github.com/hackclub/OnBoard/pull/1597
1596,harishgl2007,submission,https://github.com/hackclub/OnBoard/pull/1596
1594,CyberBrainiac1,submission,https://github.com/hackclub/OnBoard/pull/1594
1592,sahilchess,"submission, no hcb needed",https://github.com/hackclub/OnBoard/pull/1592
1591,Outdatedcandy92,submission,https://github.com/hackclub/OnBoard/pull/1591
1587,zeusnotfound04,submission,https://github.com/hackclub/OnBoard/pull/1587
1586,Mitchelthepotato,"submission, cca",https://github.com/hackclub/OnBoard/pull/1586
1585,tobycm,"submission, no hcb needed",https://github.com/hackclub/OnBoard/pull/1585
1584,BrunoAimeV,"submission, pegoku usb hub workshop",https://github.com/hackclub/OnBoard/pull/1584
1582,AlejandroVallecillo,"submission, hold, pegoku usb hub workshop",https://github.com/hackclub/OnBoard/pull/1582
1581,Paugomilabarber,"submission, pegoku usb hub workshop",https://github.com/hackclub/OnBoard/pull/1581
1580,LucFx7,"submission, pegoku usb hub workshop",https://github.com/hackclub/OnBoard/pull/1580
1579,MarcCaldas1,"submission, pegoku usb hub workshop",https://github.com/hackclub/OnBoard/pull/1579
1578,tonivilla007,"submission, pegoku usb hub workshop",https://github.com/hackclub/OnBoard/pull/1578
1577,Brais16,"submission, pegoku usb hub workshop",https://github.com/hackclub/OnBoard/pull/1577
1576,ikerdelicadorus,"submission, pegoku usb hub workshop",https://github.com/hackclub/OnBoard/pull/1576
1575,AlejandraMoya44,"submission, pegoku usb hub workshop",https://github.com/hackclub/OnBoard/pull/1575
1574,zaidi319,"submission, pegoku usb hub workshop",https://github.com/hackclub/OnBoard/pull/1574
1573,adrian-69,"submission, pegoku usb hub workshop",https://github.com/hackclub/OnBoard/pull/1573
1572,YagoPons007,"submission, pegoku usb hub workshop",https://github.com/hackclub/OnBoard/pull/1572
1571,JuanPa0000,"submission, pegoku usb hub workshop",https://github.com/hackclub/OnBoard/pull/1571
1570,Enezaza,"submission, pegoku usb hub workshop",https://github.com/hackclub/OnBoard/pull/1570
1568,SomVardhan,submission,https://github.com/hackclub/OnBoard/pull/1568
1566,lsyzg,submission,https://github.com/hackclub/OnBoard/pull/1566
1565,duykhanh09103,submission,https://github.com/hackclub/OnBoard/pull/1565
1564,Noahfrizzell,"submission, cca",https://github.com/hackclub/OnBoard/pull/1564
1563,zacswazey,"submission, cca",https://github.com/hackclub/OnBoard/pull/1563
1562,ANSHUMANDOCX,submission,https://github.com/hackclub/OnBoard/pull/1562
1558,chqnninq,submission,https://github.com/hackclub/OnBoard/pull/1558
1557,gamemake-eng,submission,https://github.com/hackclub/OnBoard/pull/1557
1556,PixyFoulke,submission,https://github.com/hackclub/OnBoard/pull/1556
1555,ssusy,submission,https://github.com/hackclub/OnBoard/pull/1555
1554,Fastdagger,submission,https://github.com/hackclub/OnBoard/pull/1554
1553,nicole-w-0,submission,https://github.com/hackclub/OnBoard/pull/1553
1550,Licnex,submission,https://github.com/hackclub/OnBoard/pull/1550
1549,jaumecardona18,"submission, pegoku usb hub workshop",https://github.com/hackclub/OnBoard/pull/1549
1548,Oscar71-wq,"submission, pegoku usb hub workshop",https://github.com/hackclub/OnBoard/pull/1548
1547,MUmarShahbaz,submission,https://github.com/hackclub/OnBoard/pull/1547
1542,Amoogilliz,"submission, cca",https://github.com/hackclub/OnBoard/pull/1542
1541,jiang-alincoln,"submission, cca",https://github.com/hackclub/OnBoard/pull/1541
1540,IceCreamUnicorn,"submission, cca",https://github.com/hackclub/OnBoard/pull/1540
1539,HiH20,"submission, cca",https://github.com/hackclub/OnBoard/pull/1539
1538,MatthewCoward,"submission, cca",https://github.com/hackclub/OnBoard/pull/1538
1536,JFalstad,"submission, cca",https://github.com/hackclub/OnBoard/pull/1536
1535,RoxtarKidd,"submission, cca",https://github.com/hackclub/OnBoard/pull/1535
1534,tanvu264,"submission, cca",https://github.com/hackclub/OnBoard/pull/1534
1533,NicholasFal,"submission, cca",https://github.com/hackclub/OnBoard/pull/1533
1532,hellopir2,"submission, cca",https://github.com/hackclub/OnBoard/pull/1532
1531,armin-maker,"submission, cca",https://github.com/hackclub/OnBoard/pull/1531
1530,Cliptaker,"submission, cca",https://github.com/hackclub/OnBoard/pull/1530
1529,SatwikNareddula,"submission, cca",https://github.com/hackclub/OnBoard/pull/1529
1528,clarkd3788,"submission, cca",https://github.com/hackclub/OnBoard/pull/1528
1527,aMakerOfGames,"submission, cca",https://github.com/hackclub/OnBoard/pull/1527
1526,BeckettT81,"submission, cca",https://github.com/hackclub/OnBoard/pull/1526
1525,Tchurkin,"submission, cca",https://github.com/hackclub/OnBoard/pull/1525
1524,zeke-png,"submission, cca",https://github.com/hackclub/OnBoard/pull/1524
1523,Krishnansh101,"submission, cca",https://github.com/hackclub/OnBoard/pull/1523
1522,hcjk,submission,https://github.com/hackclub/OnBoard/pull/1522
1518,KingRocco21,submission,https://github.com/hackclub/OnBoard/pull/1518
1517,BoKi5535,submission,https://github.com/hackclub/OnBoard/pull/1517
1513,MUmarShahbaz,submission,https://github.com/hackclub/OnBoard/pull/1513
1512,Aahil78,submission,https://github.com/hackclub/OnBoard/pull/1512
1508,shubhisroking,submission,https://github.com/hackclub/OnBoard/pull/1508
1504,cheyao,submission,https://github.com/hackclub/OnBoard/pull/1504
1502,Patcybermind,"submission, onboard live",https://github.com/hackclub/OnBoard/pull/1502
1501,ANSHUMANDOCX,"submission, onboard live",https://github.com/hackclub/OnBoard/pull/1501
1497,XGamer110,submission,https://github.com/hackclub/OnBoard/pull/1497
1496,MagicalPotato715,submission,https://github.com/hackclub/OnBoard/pull/1496
1495,MUmarShahbaz,submission,https://github.com/hackclub/OnBoard/pull/1495
1492,Scaledfish64,submission,https://github.com/hackclub/OnBoard/pull/1492
1491,grimsteel,submission,https://github.com/hackclub/OnBoard/pull/1491
1489,BlueGoblin1912,submission,https://github.com/hackclub/OnBoard/pull/1489
1488,Alex-haik,submission,https://github.com/hackclub/OnBoard/pull/1488
1487,danjpilk,submission,https://github.com/hackclub/OnBoard/pull/1487
1486,lizziescloudss,submission,https://github.com/hackclub/OnBoard/pull/1486
1485,aidenpae,submission,https://github.com/hackclub/OnBoard/pull/1485
1484,j4y-boi,submission,https://github.com/hackclub/OnBoard/pull/1484
1483,BOTwillplayz,submission,https://github.com/hackclub/OnBoard/pull/1483
1482,ANSHUMANDOCX,"submission, onboard live",https://github.com/hackclub/OnBoard/pull/1482
1481,Anayjain1129,submission,https://github.com/hackclub/OnBoard/pull/1481
1479,dreamwave12,submission,https://github.com/hackclub/OnBoard/pull/1479
1476,tobycm,submission,https://github.com/hackclub/OnBoard/pull/1476
1473,Shreyanshdiwakar,submission,https://github.com/hackclub/OnBoard/pull/1473
1470,j4y-boi,submission,https://github.com/hackclub/OnBoard/pull/1470
1469,TheScarletWarlock645,submission,https://github.com/hackclub/OnBoard/pull/1469
1467,moonlitvibes,submission,https://github.com/hackclub/OnBoard/pull/1467
1466,YeetTheAnson,submission,https://github.com/hackclub/OnBoard/pull/1466
1465,BoomBoomMushroom,submission,https://github.com/hackclub/OnBoard/pull/1465
1464,Freebirdie22,submission,https://github.com/hackclub/OnBoard/pull/1464
1463,tcalospora,submission,https://github.com/hackclub/OnBoard/pull/1463
1462,isaaclau888,submission,https://github.com/hackclub/OnBoard/pull/1462
1460,LauraNH2004,submission,https://github.com/hackclub/OnBoard/pull/1460
1459,Alx424,submission,https://github.com/hackclub/OnBoard/pull/1459
1458,Mr-milky-way,submission,https://github.com/hackclub/OnBoard/pull/1458
1457,arsoninstigator,"submission, hacky holidays",https://github.com/hackclub/OnBoard/pull/1457
1456,BoomBoomMushroom,submission,https://github.com/hackclub/OnBoard/pull/1456
1455,JJBe445,submission,https://github.com/hackclub/OnBoard/pull/1455
1454,ojsrb,submission,https://github.com/hackclub/OnBoard/pull/1454
1452,AlexMtzEM,submission,https://github.com/hackclub/OnBoard/pull/1452
1451,arjav0703,submission,https://github.com/hackclub/OnBoard/pull/1451
1450,jay-lchicken,submission,https://github.com/hackclub/OnBoard/pull/1450
1447,Ffive44-1,submission,https://github.com/hackclub/OnBoard/pull/1447
1445,lukasn9,submission,https://github.com/hackclub/OnBoard/pull/1445
1442,domokosdcs0,submission,https://github.com/hackclub/OnBoard/pull/1442
1441,AlexMtzEM,submission,https://github.com/hackclub/OnBoard/pull/1441
1440,ideuraf,submission,https://github.com/hackclub/OnBoard/pull/1440
1439,im-udxt,submission,https://github.com/hackclub/OnBoard/pull/1439
1438,Malhar-Palshikar,submission,https://github.com/hackclub/OnBoard/pull/1438
1437,DhruvJerald,submission,https://github.com/hackclub/OnBoard/pull/1437
1436,YeetTheAnson,submission,https://github.com/hackclub/OnBoard/pull/1436
1435,romalescarl18,submission,https://github.com/hackclub/OnBoard/pull/1435
1434,Easternspork,submission,https://github.com/hackclub/OnBoard/pull/1434
1433,jameson-pi,submission,https://github.com/hackclub/OnBoard/pull/1433
1432,HonkaDonka,submission,https://github.com/hackclub/OnBoard/pull/1432
1431,safvanrahman,submission,https://github.com/hackclub/OnBoard/pull/1431
1430,codingkatty,"submission, hacky holidays",https://github.com/hackclub/OnBoard/pull/1430
1429,SonyaCode,submission,https://github.com/hackclub/OnBoard/pull/1429
1428,TheTwoBoom,"submission, hacky holidays",https://github.com/hackclub/OnBoard/pull/1428
1427,didoub74-off,submission,https://github.com/hackclub/OnBoard/pull/1427
1424,Swarsin,submission,https://github.com/hackclub/OnBoard/pull/1424
1422,Omarsy-d,submission,https://github.com/hackclub/OnBoard/pull/1422
1421,kunalk537,submission,https://github.com/hackclub/OnBoard/pull/1421
1418,AdamEXu,submission,https://github.com/hackclub/OnBoard/pull/1418
1417,Mik1-1,submission,https://github.com/hackclub/OnBoard/pull/1417
1415,MithilSaiReddy,submission,https://github.com/hackclub/OnBoard/pull/1415
1414,KiaKia86,submission,https://github.com/hackclub/OnBoard/pull/1414
1413,LimesKey,"submission, dev",https://github.com/hackclub/OnBoard/pull/1413
1412,Batgab745,submission,https://github.com/hackclub/OnBoard/pull/1412
1411,wolf-yuan-6115,submission,https://github.com/hackclub/OnBoard/pull/1411
1410,YeetTheAnson,submission,https://github.com/hackclub/OnBoard/pull/1410
1409,AdamTuraj,submission,https://github.com/hackclub/OnBoard/pull/1409
1408,stefanlighezan,submission,https://github.com/hackclub/OnBoard/pull/1408
1406,urmompewps,submission,https://github.com/hackclub/OnBoard/pull/1406
1404,HeatedNoob,submission,https://github.com/hackclub/OnBoard/pull/1404
1403,JumpSushi,submission,https://github.com/hackclub/OnBoard/pull/1403
1402,AvaN89,submission,https://github.com/hackclub/OnBoard/pull/1402
1401,ANSHUMANDOCX,"submission, hacky holidays",https://github.com/hackclub/OnBoard/pull/1401
1400,mo8codes,submission,https://github.com/hackclub/OnBoard/pull/1400
1399,Lucas4680,submission,https://github.com/hackclub/OnBoard/pull/1399
1398,Anhysteretic,submission,https://github.com/hackclub/OnBoard/pull/1398
1397,abusphere,submission,https://github.com/hackclub/OnBoard/pull/1397
1396,grimsteel,"submission, hacky holidays",https://github.com/hackclub/OnBoard/pull/1396
1395,souptik-samanta,"submission, hacky holidays",https://github.com/hackclub/OnBoard/pull/1395
1394,MinoDab492,submission,https://github.com/hackclub/OnBoard/pull/1394
1387,ajtabjs,submission,https://github.com/hackclub/OnBoard/pull/1387
1386,techy-robot,submission,https://github.com/hackclub/OnBoard/pull/1386
1385,CoolCoderSJ,"submission, hacky holidays",https://github.com/hackclub/OnBoard/pull/1385
1384,M0HID,"submission, hacky holidays",https://github.com/hackclub/OnBoard/pull/1384
1383,JeffreyWangDev,"submission, hacky holidays",https://github.com/hackclub/OnBoard/pull/1383
1382,DynamicWhiteHat,submission,https://github.com/hackclub/OnBoard/pull/1382
1381,YashasSingh,"submission, hacky holidays",https://github.com/hackclub/OnBoard/pull/1381
1380,grimsteel,submission,https://github.com/hackclub/OnBoard/pull/1380
1377,ErrolAntonyRodrigues2008,"submission, hacky holidays",https://github.com/hackclub/OnBoard/pull/1377
1376,Kermostar,submission,https://github.com/hackclub/OnBoard/pull/1376
1375,electricxangel,submission,https://github.com/hackclub/OnBoard/pull/1375
1374,sayhan1610,submission,https://github.com/hackclub/OnBoard/pull/1374
1372,ramondeleonca,submission,https://github.com/hackclub/OnBoard/pull/1372
1370,CyrilSLi,"submission, hacky holidays",https://github.com/hackclub/OnBoard/pull/1370
1369,Someon332,"submission, stalled",https://github.com/hackclub/OnBoard/pull/1369
1368,Ameboid,submission,https://github.com/hackclub/OnBoard/pull/1368
1367,Aperaine,submission,https://github.com/hackclub/OnBoard/pull/1367
1366,rudra-k9,submission,https://github.com/hackclub/OnBoard/pull/1366
1365,rivques,"submission, hacky holidays",https://github.com/hackclub/OnBoard/pull/1365
1364,udu3324,"submission, hacky holidays",https://github.com/hackclub/OnBoard/pull/1364
1363,Lazylllama,submission,https://github.com/hackclub/OnBoard/pull/1363
1362,mukul0x08,submission,https://github.com/hackclub/OnBoard/pull/1362
1361,Elsuculento,submission,https://github.com/hackclub/OnBoard/pull/1361
1359,arp2019-Dev,submission,https://github.com/hackclub/OnBoard/pull/1359
1357,Jaumix3,submission,https://github.com/hackclub/OnBoard/pull/1357
1356,cookiemonsternz,submission,https://github.com/hackclub/OnBoard/pull/1356
1355,achyrocalyx,submission,https://github.com/hackclub/OnBoard/pull/1355
1353,omarko-dev,submission,https://github.com/hackclub/OnBoard/pull/1353
1352,PetabyteBrain,submission,https://github.com/hackclub/OnBoard/pull/1352
1351,Acidicts,submission,https://github.com/hackclub/OnBoard/pull/1351
1349,ANSHUMANDOCX,"submission, onboard live",https://github.com/hackclub/OnBoard/pull/1349
1348,zp-86,submission,https://github.com/hackclub/OnBoard/pull/1348
1346,sayhan1610,submission,https://github.com/hackclub/OnBoard/pull/1346
1345,LalitCreations,submission,https://github.com/hackclub/OnBoard/pull/1345
1343,tmshader,submission,https://github.com/hackclub/OnBoard/pull/1343
1341,Arrow-07,submission,https://github.com/hackclub/OnBoard/pull/1341
1340,Abillow1,submission,https://github.com/hackclub/OnBoard/pull/1340
1337,JackatDJL,submission,https://github.com/hackclub/OnBoard/pull/1337
1336,JeffreyWangDev,submission,https://github.com/hackclub/OnBoard/pull/1336
1329,noobieyuh,submission,https://github.com/hackclub/OnBoard/pull/1329
1328,KOEGlike,"submission, onboard live",https://github.com/hackclub/OnBoard/pull/1328
1327,finnhagard,submission,https://github.com/hackclub/OnBoard/pull/1327
1325,quinut,"submission, stalled",https://github.com/hackclub/OnBoard/pull/1325
1322,Rafi13082007,submission,https://github.com/hackclub/OnBoard/pull/1322
1321,cookiemonsternz,submission,https://github.com/hackclub/OnBoard/pull/1321
1320,ssahoo11742,submission,https://github.com/hackclub/OnBoard/pull/1320
1319,sindhooraraja,submission,https://github.com/hackclub/OnBoard/pull/1319
1315,ethanJPope,submission,https://github.com/hackclub/OnBoard/pull/1315
1313,Star-Quil,submission,https://github.com/hackclub/OnBoard/pull/1313
1312,LimesKey,submission,https://github.com/hackclub/OnBoard/pull/1312
1311,LimesKey,submission,https://github.com/hackclub/OnBoard/pull/1311
1310,iamPeppo,submission,https://github.com/hackclub/OnBoard/pull/1310
1307,snipchu,submission,https://github.com/hackclub/OnBoard/pull/1307
1302,BoredFishRE,submission,https://github.com/hackclub/OnBoard/pull/1302
1301,merotoon,submission,https://github.com/hackclub/OnBoard/pull/1301
1299,Pegoku,submission,https://github.com/hackclub/OnBoard/pull/1299
1298,Pegoku,submission,https://github.com/hackclub/OnBoard/pull/1298
1297,PloopyR,"submission, stalled",https://github.com/hackclub/OnBoard/pull/1297
1296,Pegoku,submission,https://github.com/hackclub/OnBoard/pull/1296
1295,Pegoku,submission,https://github.com/hackclub/OnBoard/pull/1295
1294,Pegoku,submission,https://github.com/hackclub/OnBoard/pull/1294
1289,Suya1671,"submission, onboard live",https://github.com/hackclub/OnBoard/pull/1289
1288,Electric534093,submission,https://github.com/hackclub/OnBoard/pull/1288
1282,uint128-t,submission,https://github.com/hackclub/OnBoard/pull/1282
1278,radeeyate,submission,https://github.com/hackclub/OnBoard/pull/1278
1277,JaraGuillenIvaldi,submission,https://github.com/hackclub/OnBoard/pull/1277
1276,JaraGuillen,submission,https://github.com/hackclub/OnBoard/pull/1276
1275,brianna-t,submission,https://github.com/hackclub/OnBoard/pull/1275
1274,vibsthebot,"submission, trick or trace",https://github.com/hackclub/OnBoard/pull/1274
1272,ANYB0DYTH3R3,submission,https://github.com/hackclub/OnBoard/pull/1272
1271,ultimatecontrollerplayer,submission,https://github.com/hackclub/OnBoard/pull/1271
1266,juasja2010,submission,https://github.com/hackclub/OnBoard/pull/1266
1265,Babyyoda777,"submission, trick or trace",https://github.com/hackclub/OnBoard/pull/1265
1264,MohammedMMC,"submission, trick or trace",https://github.com/hackclub/OnBoard/pull/1264
1260,alx-alexpark,"submission, stalled, trick or trace",https://github.com/hackclub/OnBoard/pull/1260
1257,Builder852,submission,https://github.com/hackclub/OnBoard/pull/1257
1256,Phaderic09,"submission, trick or trace",https://github.com/hackclub/OnBoard/pull/1256
1254,linetrut-h,submission,https://github.com/hackclub/OnBoard/pull/1254
1245,pngpng1,"submission, trick or trace",https://github.com/hackclub/OnBoard/pull/1245
1244,souptik-samanta,"submission, trick or trace",https://github.com/hackclub/OnBoard/pull/1244
1243,ChristinaCD,submission,https://github.com/hackclub/OnBoard/pull/1243
1241,ultimatecontrollerplayer,"submission, trick or trace",https://github.com/hackclub/OnBoard/pull/1241
1239,ristonrodrigues723,"submission, trick or trace",https://github.com/hackclub/OnBoard/pull/1239
1237,Overlord-Runt,"submission, trick or trace",https://github.com/hackclub/OnBoard/pull/1237
1236,Brelee2222,"submission, trick or trace",https://github.com/hackclub/OnBoard/pull/1236
1235,souptik-samanta,"submission, onboard live",https://github.com/hackclub/OnBoard/pull/1235
1234,calin-peng,submission,https://github.com/hackclub/OnBoard/pull/1234
1232,ANSHUMANDOCX,submission,https://github.com/hackclub/OnBoard/pull/1232
1230,Yoda-Flash,"submission, trick or trace",https://github.com/hackclub/OnBoard/pull/1230
1229,Inc0gn1to,submission,https://github.com/hackclub/OnBoard/pull/1229
1227,BadPotato1007,"submission, trick or trace",https://github.com/hackclub/OnBoard/pull/1227
1226,Ahnaf-nub,"submission, trick or trace",https://github.com/hackclub/OnBoard/pull/1226
1225,mechel38,submission,https://github.com/hackclub/OnBoard/pull/1225
1223,Marc-Blanco,"submission, trick or trace",https://github.com/hackclub/OnBoard/pull/1223
1220,Jaumix3,submission,https://github.com/hackclub/OnBoard/pull/1220
1218,TangoMangoRango,submission,https://github.com/hackclub/OnBoard/pull/1218
1215,Pectinodon,submission,https://github.com/hackclub/OnBoard/pull/1215
1213,MrKillerShaunBa,"submission, trick or trace",https://github.com/hackclub/OnBoard/pull/1213
1212,Tech-with-anmol,submission,https://github.com/hackclub/OnBoard/pull/1212
1209,Ari-Sachdev,submission,https://github.com/hackclub/OnBoard/pull/1209
1208,Snipeur060,"submission, trick or trace",https://github.com/hackclub/OnBoard/pull/1208
1207,Overlord-Runt,submission,https://github.com/hackclub/OnBoard/pull/1207
1206,FranticAmberisGogo,submission,https://github.com/hackclub/OnBoard/pull/1206
1203,Michael-png,submission,https://github.com/hackclub/OnBoard/pull/1203
1202,viswim,submission,https://github.com/hackclub/OnBoard/pull/1202
1200,Fateddy1,submission,https://github.com/hackclub/OnBoard/pull/1200
1199,Pattykick,submission,https://github.com/hackclub/OnBoard/pull/1199
1198,yuitrfh,submission,https://github.com/hackclub/OnBoard/pull/1198
1196,Math27aki,submission,https://github.com/hackclub/OnBoard/pull/1196
1195,bigtommy1,submission,https://github.com/hackclub/OnBoard/pull/1195
1194,Mathushigan,submission,https://github.com/hackclub/OnBoard/pull/1194
1193,Abinisha14,submission,https://github.com/hackclub/OnBoard/pull/1193
1192,Rukshi3,submission,https://github.com/hackclub/OnBoard/pull/1192
1191,MaggieSunnn,submission,https://github.com/hackclub/OnBoard/pull/1191
1190,iisventi,submission,https://github.com/hackclub/OnBoard/pull/1190
1187,Dilachi-K,submission,https://github.com/hackclub/OnBoard/pull/1187
1186,skibapraktuah,submission,https://github.com/hackclub/OnBoard/pull/1186
1185,Kristenpui,submission,https://github.com/hackclub/OnBoard/pull/1185
1183,sammyashah,submission,https://github.com/hackclub/OnBoard/pull/1183
1182,adamoog,submission,https://github.com/hackclub/OnBoard/pull/1182
1181,Chancke36,submission,https://github.com/hackclub/OnBoard/pull/1181
1179,bannythebanhammerbunny,submission,https://github.com/hackclub/OnBoard/pull/1179
1178,Pegoku,"submission, trick or trace",https://github.com/hackclub/OnBoard/pull/1178
1177,brianna-t,submission,https://github.com/hackclub/OnBoard/pull/1177
1176,sannihith-madasu,submission,https://github.com/hackclub/OnBoard/pull/1176
1175,davidcoral2-cell,submission,https://github.com/hackclub/OnBoard/pull/1175
1172,xSunOcean,submission,https://github.com/hackclub/OnBoard/pull/1172
1171,Nilaans,submission,https://github.com/hackclub/OnBoard/pull/1171
1170,Superme00016,submission,https://github.com/hackclub/OnBoard/pull/1170
1168,CBF69420,submission,https://github.com/hackclub/OnBoard/pull/1168
1167,FiyahFadez,submission,https://github.com/hackclub/OnBoard/pull/1167
1166,sheepy0125,submission,https://github.com/hackclub/OnBoard/pull/1166
1163,Alecsis,"submission, trick or trace",https://github.com/hackclub/OnBoard/pull/1163
1162,frize317,submission,https://github.com/hackclub/OnBoard/pull/1162
1160,eshangonemad,"submission, trick or trace",https://github.com/hackclub/OnBoard/pull/1160
1157,udu3324,"submission, trick or trace",https://github.com/hackclub/OnBoard/pull/1157
1156,Turpel,submission,https://github.com/hackclub/OnBoard/pull/1156
1155,shim-sham,"submission, trick or trace",https://github.com/hackclub/OnBoard/pull/1155
1154,AkashGir,submission,https://github.com/hackclub/OnBoard/pull/1154
1151,nathaniellaurent,submission,https://github.com/hackclub/OnBoard/pull/1151
1147,saumilthecode,"submission, trick or trace",https://github.com/hackclub/OnBoard/pull/1147
1146,radeeyate,submission,https://github.com/hackclub/OnBoard/pull/1146
1145,luteron6,submission,https://github.com/hackclub/OnBoard/pull/1145
1144,Mirrrek,submission,https://github.com/hackclub/OnBoard/pull/1144
1138,ouo314,submission,https://github.com/hackclub/OnBoard/pull/1138
1136,blue-clouds4,submission,https://github.com/hackclub/OnBoard/pull/1136
1125,anshzera,submission,https://github.com/hackclub/OnBoard/pull/1125
1124,Doggedwings,submission,https://github.com/hackclub/OnBoard/pull/1124
1123,soapy75,submission,https://github.com/hackclub/OnBoard/pull/1123
1122,Suya1671,"submission, onboard live",https://github.com/hackclub/OnBoard/pull/1122
1116,GaoYeGithub,submission,https://github.com/hackclub/OnBoard/pull/1116
1115,Marc-Blanco,submission,https://github.com/hackclub/OnBoard/pull/1115
1112,SmartDude1569,submission,https://github.com/hackclub/OnBoard/pull/1112
1111,Mitang321,submission,https://github.com/hackclub/OnBoard/pull/1111
1109,michellemeng06,submission,https://github.com/hackclub/OnBoard/pull/1109
1108,MrGolddev,submission,https://github.com/hackclub/OnBoard/pull/1108
1104,DevMello,submission,https://github.com/hackclub/OnBoard/pull/1104
1103,Supercolbat,submission,https://github.com/hackclub/OnBoard/pull/1103
1093,Jesse-Madden,submission,https://github.com/hackclub/OnBoard/pull/1093
1091,PetabyteBrain,submission,https://github.com/hackclub/OnBoard/pull/1091
1088,NikRom2009sigma,submission,https://github.com/hackclub/OnBoard/pull/1088
1084,kakenbutter,submission,https://github.com/hackclub/OnBoard/pull/1084
1078,Tiebe,submission,https://github.com/hackclub/OnBoard/pull/1078
1077,stygmatic,submission,https://github.com/hackclub/OnBoard/pull/1077
1075,sahitid,submission,https://github.com/hackclub/OnBoard/pull/1075
1072,AdamTuraj,"submission, onboard live",https://github.com/hackclub/OnBoard/pull/1072
1067,michellemeng06,submission,https://github.com/hackclub/OnBoard/pull/1067
1066,hyweric,submission,https://github.com/hackclub/OnBoard/pull/1066
1064,arp2019-Dev,submission,https://github.com/hackclub/OnBoard/pull/1064
1063,eyestare,submission,https://github.com/hackclub/OnBoard/pull/1063
1062,Liana24601,submission,https://github.com/hackclub/OnBoard/pull/1062
1060,AverseABFun,"submission, no hcb needed",https://github.com/hackclub/OnBoard/pull/1060
1058,OmTagdiwala,submission,https://github.com/hackclub/OnBoard/pull/1058
1056,MeMMa137,submission,https://github.com/hackclub/OnBoard/pull/1056
1054,The-Automation-Warehouse,submission,https://github.com/hackclub/OnBoard/pull/1054
1053,Ventengo1,submission,https://github.com/hackclub/OnBoard/pull/1053
1052,aayanrahman,submission,https://github.com/hackclub/OnBoard/pull/1052
1051,lonaslee,submission,https://github.com/hackclub/OnBoard/pull/1051
1050,bochk0,submission,https://github.com/hackclub/OnBoard/pull/1050
1048,Nv7-GitHub,submission,https://github.com/hackclub/OnBoard/pull/1048
1045,GauthamRNair,submission,https://github.com/hackclub/OnBoard/pull/1045
1044,JoKhannn,submission,https://github.com/hackclub/OnBoard/pull/1044
1039,atomicf32,submission,https://github.com/hackclub/OnBoard/pull/1039
1037,atomicf32,submission,https://github.com/hackclub/OnBoard/pull/1037
1036,shiva233,submission,https://github.com/hackclub/OnBoard/pull/1036
1031,Mochi-iOS,submission,https://github.com/hackclub/OnBoard/pull/1031
1029,utvalde,submission,https://github.com/hackclub/OnBoard/pull/1029
1028,second2falcon,submission,https://github.com/hackclub/OnBoard/pull/1028
1027,eminentquasar34,submission,https://github.com/hackclub/OnBoard/pull/1027
1025,basicbadass,submission,https://github.com/hackclub/OnBoard/pull/1025
1024,pratyushV-l,submission,https://github.com/hackclub/OnBoard/pull/1024
1023,hyperficial,submission,https://github.com/hackclub/OnBoard/pull/1023
1022,RohitPandey1729,submission,https://github.com/hackclub/OnBoard/pull/1022
1021,Kipp-ie,submission,https://github.com/hackclub/OnBoard/pull/1021
1019,Bonzai-Dev,submission,https://github.com/hackclub/OnBoard/pull/1019
1017,Aaditya-Aniraj,submission,https://github.com/hackclub/OnBoard/pull/1017
1016,astarryknight,submission,https://github.com/hackclub/OnBoard/pull/1016
1015,28add11,submission,https://github.com/hackclub/OnBoard/pull/1015
1013,Patcybermind,submission,https://github.com/hackclub/OnBoard/pull/1013
1012,MohammedMMC,submission,https://github.com/hackclub/OnBoard/pull/1012
1011,fatuma-tahalil,submission,https://github.com/hackclub/OnBoard/pull/1011
1010,Gregor-Davies,submission,https://github.com/hackclub/OnBoard/pull/1010
1009,cheeseroll23,submission,https://github.com/hackclub/OnBoard/pull/1009
1008,pizzalover125,submission,https://github.com/hackclub/OnBoard/pull/1008
1007,manifhlow,submission,https://github.com/hackclub/OnBoard/pull/1007
1006,eyestare,submission,https://github.com/hackclub/OnBoard/pull/1006
1004,sinarck,submission,https://github.com/hackclub/OnBoard/pull/1004
1003,Mirrrek,submission,https://github.com/hackclub/OnBoard/pull/1003
1002,LimesKey,"submission, dev, invalid",https://github.com/hackclub/OnBoard/pull/1002
1001,ghost,submission,https://github.com/hackclub/OnBoard/pull/1001
1000,akulsaju,submission,https://github.com/hackclub/OnBoard/pull/1000
999,ZachNegin,submission,https://github.com/hackclub/OnBoard/pull/999
998,arkajain27,submission,https://github.com/hackclub/OnBoard/pull/998
997,AdamTuraj,submission,https://github.com/hackclub/OnBoard/pull/997
996,jberry-max,submission,https://github.com/hackclub/OnBoard/pull/996
995,souptik-samanta,submission,https://github.com/hackclub/OnBoard/pull/995
994,ghost,submission,https://github.com/hackclub/OnBoard/pull/994
993,DefinetlyNotAI,submission,https://github.com/hackclub/OnBoard/pull/993
992,eesazahed,submission,https://github.com/hackclub/OnBoard/pull/992
991,aGuyWhoHasGithub,submission,https://github.com/hackclub/OnBoard/pull/991
990,ghost,submission,https://github.com/hackclub/OnBoard/pull/990
989,roland189,submission,https://github.com/hackclub/OnBoard/pull/989
988,itskme,submission,https://github.com/hackclub/OnBoard/pull/988
985,copybara1,submission,https://github.com/hackclub/OnBoard/pull/985
984,gabrieldrl,submission,https://github.com/hackclub/OnBoard/pull/984
983,xriiitox,submission,https://github.com/hackclub/OnBoard/pull/983
982,eesazahed,submission,https://github.com/hackclub/OnBoard/pull/982
980,ANSHUMANDOCX,submission,https://github.com/hackclub/OnBoard/pull/980
979,ANSHUMANDOCX,"submission, no hcb needed",https://github.com/hackclub/OnBoard/pull/979
977,joennematti,submission,https://github.com/hackclub/OnBoard/pull/977
975,manifhlow,submission,https://github.com/hackclub/OnBoard/pull/975
974,alx-alexpark,submission,https://github.com/hackclub/OnBoard/pull/974
973,astarryknight,submission,https://github.com/hackclub/OnBoard/pull/973
972,krishnans2006,submission,https://github.com/hackclub/OnBoard/pull/972
971,Yash00241,submission,https://github.com/hackclub/OnBoard/pull/971
970,kramerbastian,submission,https://github.com/hackclub/OnBoard/pull/970
968,usedgenes,submission,https://github.com/hackclub/OnBoard/pull/968
965,1millon1,submission,https://github.com/hackclub/OnBoard/pull/965
964,JimmmithyOrSomething,submission,https://github.com/hackclub/OnBoard/pull/964
963,ANSHUMANDOCX,submission,https://github.com/hackclub/OnBoard/pull/963
962,Yash00241,"submission, no hcb needed",https://github.com/hackclub/OnBoard/pull/962
960,dfedor2008,submission,https://github.com/hackclub/OnBoard/pull/960
959,Mirrrek,"submission, no hcb needed",https://github.com/hackclub/OnBoard/pull/959
958,copybara1,submission,https://github.com/hackclub/OnBoard/pull/958
957,Yash00241,"submission, no hcb needed",https://github.com/hackclub/OnBoard/pull/957
956,Yash00241,submission,https://github.com/hackclub/OnBoard/pull/956
955,mattsoh,submission,https://github.com/hackclub/OnBoard/pull/955
954,souptik-samanta,submission,https://github.com/hackclub/OnBoard/pull/954
953,BuildNCode1,submission,https://github.com/hackclub/OnBoard/pull/953
952,dylanjryang,submission,https://github.com/hackclub/OnBoard/pull/952
951,WilliamBSITT,submission,https://github.com/hackclub/OnBoard/pull/951
948,anirudh12032008,submission,https://github.com/hackclub/OnBoard/pull/948
947,bigbainc,submission,https://github.com/hackclub/OnBoard/pull/947
946,nicolandu,"submission, no hcb needed",https://github.com/hackclub/OnBoard/pull/946
944,RohitPandey1729,submission,https://github.com/hackclub/OnBoard/pull/944
942,Rand0m0User1,submission,https://github.com/hackclub/OnBoard/pull/942
941,AdyaS2010,submission,https://github.com/hackclub/OnBoard/pull/941
940,Peepesucksstiks,submission,https://github.com/hackclub/OnBoard/pull/940
939,LimesKey,"submission, no hcb needed",https://github.com/hackclub/OnBoard/pull/939
938,felixm-byte,submission,https://github.com/hackclub/OnBoard/pull/938
937,arjundeshpande08,submission,https://github.com/hackclub/OnBoard/pull/937
936,eyestare,submission,https://github.com/hackclub/OnBoard/pull/936
935,ghost,submission,https://github.com/hackclub/OnBoard/pull/935
932,Rand0m0User1,submission,https://github.com/hackclub/OnBoard/pull/932
931,v1peridae,submission,https://github.com/hackclub/OnBoard/pull/931
929,Kerman-ap,submission,https://github.com/hackclub/OnBoard/pull/929
927,MadRobin13,submission,https://github.com/hackclub/OnBoard/pull/927
926,scarlettekk,submission,https://github.com/hackclub/OnBoard/pull/926
925,maxstellar,submission,https://github.com/hackclub/OnBoard/pull/925
924,k754a,submission,https://github.com/hackclub/OnBoard/pull/924
921,ouo314,submission,https://github.com/hackclub/OnBoard/pull/921
920,ghost,submission,https://github.com/hackclub/OnBoard/pull/920
919,Pegoku,submission,https://github.com/hackclub/OnBoard/pull/919
918,Aaryan-N,submission,https://github.com/hackclub/OnBoard/pull/918
917,Lazylllama,submission,https://github.com/hackclub/OnBoard/pull/917
916,yashsethu,submission,https://github.com/hackclub/OnBoard/pull/916
915,shim-sham,submission,https://github.com/hackclub/OnBoard/pull/915
914,TheTwoBoom,submission,https://github.com/hackclub/OnBoard/pull/914
913,thelegendofmario,submission,https://github.com/hackclub/OnBoard/pull/913
910,amino47,submission,https://github.com/hackclub/OnBoard/pull/910
909,ghost,submission,https://github.com/hackclub/OnBoard/pull/909
908,karmanyaahm,"submission, no hcb needed",https://github.com/hackclub/OnBoard/pull/908
907,karmanyaahm,"submission, no hcb needed",https://github.com/hackclub/OnBoard/pull/907
906,gopaldotcom,submission,https://github.com/hackclub/OnBoard/pull/906
903,alphabit117,submission,https://github.com/hackclub/OnBoard/pull/903
902,uniquepersun,submission,https://github.com/hackclub/OnBoard/pull/902
901,Qwertyuiop176g,submission,https://github.com/hackclub/OnBoard/pull/901
895,shrysjain,submission,https://github.com/hackclub/OnBoard/pull/895
893,RobertoEchCCHS,submission,https://github.com/hackclub/OnBoard/pull/893
892,MrPurpleSocks,submission,https://github.com/hackclub/OnBoard/pull/892
891,Whackalenso,submission,https://github.com/hackclub/OnBoard/pull/891
890,n0x1,submission,https://github.com/hackclub/OnBoard/pull/890
889,meronemo,submission,https://github.com/hackclub/OnBoard/pull/889
888,NoozAbooz,submission,https://github.com/hackclub/OnBoard/pull/888
885,abelanagy,submission,https://github.com/hackclub/OnBoard/pull/885
884,clavinohou,submission,https://github.com/hackclub/OnBoard/pull/884
882,Ssmidge,"submission, no hcb needed",https://github.com/hackclub/OnBoard/pull/882
881,OtterCodes101,submission,https://github.com/hackclub/OnBoard/pull/881
880,Sher110106,submission,https://github.com/hackclub/OnBoard/pull/880
879,JPLabsystems,submission,https://github.com/hackclub/OnBoard/pull/879
877,eddyzow,submission,https://github.com/hackclub/OnBoard/pull/877
876,abcKFC68,"submission, no hcb needed",https://github.com/hackclub/OnBoard/pull/876
875,poone123,"submission, no hcb needed",https://github.com/hackclub/OnBoard/pull/875
874,Beenana02,"submission, no hcb needed",https://github.com/hackclub/OnBoard/pull/874
873,themagicfrog,submission,https://github.com/hackclub/OnBoard/pull/873
872,aaronsfunstuff,submission,https://github.com/hackclub/OnBoard/pull/872
871,Jark5455,submission,https://github.com/hackclub/OnBoard/pull/871
870,noah-carmichael,submission,https://github.com/hackclub/OnBoard/pull/870
869,aryavsaigal,submission,https://github.com/hackclub/OnBoard/pull/869
868,kattschan,submission,https://github.com/hackclub/OnBoard/pull/868
867,fatpotato317,submission,https://github.com/hackclub/OnBoard/pull/867
864,ShahkerTHD,submission,https://github.com/hackclub/OnBoard/pull/864
863,VM-fll,"submission, stalled",https://github.com/hackclub/OnBoard/pull/863
861,usedgenes,submission,https://github.com/hackclub/OnBoard/pull/861
859,wllm-lhy,submission,https://github.com/hackclub/OnBoard/pull/859
858,Somebud0180,submission,https://github.com/hackclub/OnBoard/pull/858
857,snaeker58,submission,https://github.com/hackclub/OnBoard/pull/857
855,whatwareweb,submission,https://github.com/hackclub/OnBoard/pull/855
854,vintheruler1,submission,https://github.com/hackclub/OnBoard/pull/854
852,D99-1,submission,https://github.com/hackclub/OnBoard/pull/852
851,micsaujoh,submission,https://github.com/hackclub/OnBoard/pull/851
849,mjh316,submission,https://github.com/hackclub/OnBoard/pull/849
848,Aryankpoor,submission,https://github.com/hackclub/OnBoard/pull/848
847,Shibedev12,submission,https://github.com/hackclub/OnBoard/pull/847
846,arsoninstigator,submission,https://github.com/hackclub/OnBoard/pull/846
844,Dragon863,submission,https://github.com/hackclub/OnBoard/pull/844
842,matt-k-lin,submission,https://github.com/hackclub/OnBoard/pull/842
839,Ahnaf-nub,submission,https://github.com/hackclub/OnBoard/pull/839
837,Cral-Cactus,submission,https://github.com/hackclub/OnBoard/pull/837
836,achester88,submission,https://github.com/hackclub/OnBoard/pull/836
834,LimesKey,submission,https://github.com/hackclub/OnBoard/pull/834
833,Acidicts,submission,https://github.com/hackclub/OnBoard/pull/833
832,SaiGodavarthi,submission,https://github.com/hackclub/OnBoard/pull/832
830,LandonBayer,submission,https://github.com/hackclub/OnBoard/pull/830
829,rishabhm08,submission,https://github.com/hackclub/OnBoard/pull/829
827,sudo-Mystic,submission,https://github.com/hackclub/OnBoard/pull/827
826,AsgerFD,submission,https://github.com/hackclub/OnBoard/pull/826
825,nicolandu,submission,https://github.com/hackclub/OnBoard/pull/825
822,E-Krabs,submission,https://github.com/hackclub/OnBoard/pull/822
821,OrhanYigitDurmaz,submission,https://github.com/hackclub/OnBoard/pull/821
819,petersenmatthew,submission,https://github.com/hackclub/OnBoard/pull/819
818,LandonBayer,submission,https://github.com/hackclub/OnBoard/pull/818
815,Loewe111,submission,https://github.com/hackclub/OnBoard/pull/815
814,abcKFC68,submission,https://github.com/hackclub/OnBoard/pull/814
811,elinzhang507,submission,https://github.com/hackclub/OnBoard/pull/811
810,smartkid7799,submission,https://github.com/hackclub/OnBoard/pull/810
808,leowilkin,submission,https://github.com/hackclub/OnBoard/pull/808
805,NIKHIL2XD,submission,https://github.com/hackclub/OnBoard/pull/805
803,NIKHIL2XD,submission,https://github.com/hackclub/OnBoard/pull/803
802,Kate-Yi,submission,https://github.com/hackclub/OnBoard/pull/802
800,abhineetsingh2008,submission,https://github.com/hackclub/OnBoard/pull/800
799,dtnthuy,submission,https://github.com/hackclub/OnBoard/pull/799
796,techyporcupine,submission,https://github.com/hackclub/OnBoard/pull/796
794,Projachmann,submission,https://github.com/hackclub/OnBoard/pull/794
790,jaitegsingh,submission,https://github.com/hackclub/OnBoard/pull/790
787,MohitTiwariBytes,submission,https://github.com/hackclub/OnBoard/pull/787
786,nilaRam,submission,https://github.com/hackclub/OnBoard/pull/786
785,Cral-Cactus,submission,https://github.com/hackclub/OnBoard/pull/785
783,Icemaster-Eric,submission,https://github.com/hackclub/OnBoard/pull/783
780,Haxintosh,submission,https://github.com/hackclub/OnBoard/pull/780
779,mrcunning123,submission,https://github.com/hackclub/OnBoard/pull/779
778,Mirrrek,submission,https://github.com/hackclub/OnBoard/pull/778
777,jenniferZO,submission,https://github.com/hackclub/OnBoard/pull/777
772,usedgenes,submission,https://github.com/hackclub/OnBoard/pull/772
771,adityanaravane,submission,https://github.com/hackclub/OnBoard/pull/771
770,Glitch752,submission,https://github.com/hackclub/OnBoard/pull/770
768,makingmistakes,submission,https://github.com/hackclub/OnBoard/pull/768
767,awangran,submission,https://github.com/hackclub/OnBoard/pull/767
766,rajdeep-bhattacharjee,submission,https://github.com/hackclub/OnBoard/pull/766
763,TheNewsYorkTime,"submission, stalled",https://github.com/hackclub/OnBoard/pull/763
762,Beenana02,submission,https://github.com/hackclub/OnBoard/pull/762
760,B-Eddie,submission,https://github.com/hackclub/OnBoard/pull/760
759,ThePangel,submission,https://github.com/hackclub/OnBoard/pull/759
758,rohanpatelnew55,submission,https://github.com/hackclub/OnBoard/pull/758
752,krishnans2006,submission,https://github.com/hackclub/OnBoard/pull/752
749,KaranTKS,submission,https://github.com/hackclub/OnBoard/pull/749
747,Sreekar617,submission,https://github.com/hackclub/OnBoard/pull/747
744,anqueue,submission,https://github.com/hackclub/OnBoard/pull/744
743,ibhat2010,submission,https://github.com/hackclub/OnBoard/pull/743
741,second2falcon,submission,https://github.com/hackclub/OnBoard/pull/741
740,jk-aero,submission,https://github.com/hackclub/OnBoard/pull/740
738,Ssmidge,submission,https://github.com/hackclub/OnBoard/pull/738
737,falsonix,submission,https://github.com/hackclub/OnBoard/pull/737
736,RagavVijairaj,submission,https://github.com/hackclub/OnBoard/pull/736
733,Sidak08,submission,https://github.com/hackclub/OnBoard/pull/733
732,ghulammustafa06,submission,https://github.com/hackclub/OnBoard/pull/732
731,possiblyselena,submission,https://github.com/hackclub/OnBoard/pull/731
729,nerdwithcomputers,submission,https://github.com/hackclub/OnBoard/pull/729
727,ScapularSteam,submission,https://github.com/hackclub/OnBoard/pull/727
726,CyberBrainiac1,submission,https://github.com/hackclub/OnBoard/pull/726
725,Aradhya-Shaswat,submission,https://github.com/hackclub/OnBoard/pull/725
724,20SHA07,submission,https://github.com/hackclub/OnBoard/pull/724
723,ibhat2010,submission,https://github.com/hackclub/OnBoard/pull/723
720,ckeane26,submission,https://github.com/hackclub/OnBoard/pull/720
718,Somebud0180,submission,https://github.com/hackclub/OnBoard/pull/718
717,chardynamics,submission,https://github.com/hackclub/OnBoard/pull/717
716,CloudCake8,submission,https://github.com/hackclub/OnBoard/pull/716
709,Miner16,submission,https://github.com/hackclub/OnBoard/pull/709
708,GGGalang,submission,https://github.com/hackclub/OnBoard/pull/708
704,Nishit-Sharma,"submission, stalled",https://github.com/hackclub/OnBoard/pull/704
703,opott,submission,https://github.com/hackclub/OnBoard/pull/703
701,roboticspro1,submission,https://github.com/hackclub/OnBoard/pull/701
700,ercrice,submission,https://github.com/hackclub/OnBoard/pull/700
699,makingmistakes,submission,https://github.com/hackclub/OnBoard/pull/699
698,24c02,"submission, no hcb needed",https://github.com/hackclub/OnBoard/pull/698
697,pmnlla,submission,https://github.com/hackclub/OnBoard/pull/697
696,chardynamics,submission,https://github.com/hackclub/OnBoard/pull/696
694,ercrice,submission,https://github.com/hackclub/OnBoard/pull/694
693,Adimac93,submission,https://github.com/hackclub/OnBoard/pull/693
692,yourcrocdev,submission,https://github.com/hackclub/OnBoard/pull/692
691,ArthusPVP,submission,https://github.com/hackclub/OnBoard/pull/691
690,chardynamics,submission,https://github.com/hackclub/OnBoard/pull/690
689,phthallo,submission,https://github.com/hackclub/OnBoard/pull/689
687,Monoverde888,submission,https://github.com/hackclub/OnBoard/pull/687
685,HildingL,submission,https://github.com/hackclub/OnBoard/pull/685
683,elberto22,submission,https://github.com/hackclub/OnBoard/pull/683
681,chaitanya44444,submission,https://github.com/hackclub/OnBoard/pull/681
679,Iamdiv7,submission,https://github.com/hackclub/OnBoard/pull/679
678,Ggkkhi,submission,https://github.com/hackclub/OnBoard/pull/678
677,dhitikarora,submission,https://github.com/hackclub/OnBoard/pull/677
676,Sh1vGupta,submission,https://github.com/hackclub/OnBoard/pull/676
674,AnthonyTran061004,submission,https://github.com/hackclub/OnBoard/pull/674
673,cdombro,submission,https://github.com/hackclub/OnBoard/pull/673
668,24c02,"submission, the trail",https://github.com/hackclub/OnBoard/pull/668
666,86Kiyarash,submission,https://github.com/hackclub/OnBoard/pull/666
664,Mikeymoo5,submission,https://github.com/hackclub/OnBoard/pull/664
661,dxataclub,submission,https://github.com/hackclub/OnBoard/pull/661
660,tnb24,submission,https://github.com/hackclub/OnBoard/pull/660
659,sahitid,submission,https://github.com/hackclub/OnBoard/pull/659
657,HirokiNariyoshi,submission,https://github.com/hackclub/OnBoard/pull/657
656,evan-gan,submission,https://github.com/hackclub/OnBoard/pull/656
655,konstantinosfragkoulis,submission,https://github.com/hackclub/OnBoard/pull/655
650,peterxn123,submission,https://github.com/hackclub/OnBoard/pull/650
648,kritarthabajpai,submission,https://github.com/hackclub/OnBoard/pull/648
647,DominicTYLau,submission,https://github.com/hackclub/OnBoard/pull/647
643,neildembla1,submission,https://github.com/hackclub/OnBoard/pull/643
642,andwoo14,submission,https://github.com/hackclub/OnBoard/pull/642
641,tofy-dev,submission,https://github.com/hackclub/OnBoard/pull/641
638,AstroGuy1,submission,https://github.com/hackclub/OnBoard/pull/638
636,NimitVijayvargee,submission,https://github.com/hackclub/OnBoard/pull/636
634,zeankundev,submission,https://github.com/hackclub/OnBoard/pull/634
633,akashsharmatech,submission,https://github.com/hackclub/OnBoard/pull/633
632,jedim101,submission,https://github.com/hackclub/OnBoard/pull/632
631,AlphaMeep,submission,https://github.com/hackclub/OnBoard/pull/631
628,se1yu,submission,https://github.com/hackclub/OnBoard/pull/628
627,vracton,"submission, the trail",https://github.com/hackclub/OnBoard/pull/627
626,reyanshsharma0,submission,https://github.com/hackclub/OnBoard/pull/626
621,hibasheikh2,submission,https://github.com/hackclub/OnBoard/pull/621
620,AdamTuraj,submission,https://github.com/hackclub/OnBoard/pull/620
618,sampoder,"submission, the trail",https://github.com/hackclub/OnBoard/pull/618
615,DevIos01,"submission, the trail",https://github.com/hackclub/OnBoard/pull/615
613,darth-taco-tmp,"submission, the trail",https://github.com/hackclub/OnBoard/pull/613
611,28jackiiee,"submission, the trail",https://github.com/hackclub/OnBoard/pull/611
610,46-HA,"submission, the trail",https://github.com/hackclub/OnBoard/pull/610
609,KaiPereira,submission,https://github.com/hackclub/OnBoard/pull/609
607,jpt1729,"submission, the trail",https://github.com/hackclub/OnBoard/pull/607
604,shdShadow,submission,https://github.com/hackclub/OnBoard/pull/604
603,ishbhirsingh,submission,https://github.com/hackclub/OnBoard/pull/603
601,NotARoomba,"submission, the trail",https://github.com/hackclub/OnBoard/pull/601
600,krishnenduhalder0,submission,https://github.com/hackclub/OnBoard/pull/600
598,CaitPrough,"submission, the trail",https://github.com/hackclub/OnBoard/pull/598
597,pkb-pmj,"submission, the trail",https://github.com/hackclub/OnBoard/pull/597
596,tinkeraudrey,submission,https://github.com/hackclub/OnBoard/pull/596
592,Nat3z,submission,https://github.com/hackclub/OnBoard/pull/592
588,Shwetha1002,"submission, the trail",https://github.com/hackclub/OnBoard/pull/588
587,iUnstable0,"submission, no hcb needed, the trail",https://github.com/hackclub/OnBoard/pull/587
586,dakshpasricha,submission,https://github.com/hackclub/OnBoard/pull/586
585,shubhayusinha,submission,https://github.com/hackclub/OnBoard/pull/585
584,CodeWithShreyans,"submission, the trail",https://github.com/hackclub/OnBoard/pull/584
582,RussianDraco,submission,https://github.com/hackclub/OnBoard/pull/582
581,Triq1,submission,https://github.com/hackclub/OnBoard/pull/581
580,SidharthBhatt,"submission, the trail",https://github.com/hackclub/OnBoard/pull/580
579,ishaan10x,"submission, the trail",https://github.com/hackclub/OnBoard/pull/579
578,Playedswag,submission,https://github.com/hackclub/OnBoard/pull/578
576,dhruvkumar011,submission,https://github.com/hackclub/OnBoard/pull/576
575,Richardsajdh,"submission, the trail",https://github.com/hackclub/OnBoard/pull/575
574,Wildbush76,"submission, no hcb needed",https://github.com/hackclub/OnBoard/pull/574
571,NoahF15,"submission, the trail",https://github.com/hackclub/OnBoard/pull/571
570,Lucas4680,"submission, the trail",https://github.com/hackclub/OnBoard/pull/570
567,Dum-b,submission,https://github.com/hackclub/OnBoard/pull/567
565,deepnandi-tech,submission,https://github.com/hackclub/OnBoard/pull/565
564,BmvVikki,submission,https://github.com/hackclub/OnBoard/pull/564
563,evyCoding,"submission, the trail",https://github.com/hackclub/OnBoard/pull/563
561,agniv-the-marker,submission,https://github.com/hackclub/OnBoard/pull/561
560,Deetschoe,"submission, the trail",https://github.com/hackclub/OnBoard/pull/560
559,Wildbush76,submission,https://github.com/hackclub/OnBoard/pull/559
557,aaryavbehl,submission,https://github.com/hackclub/OnBoard/pull/557
556,lan1ern,submission,https://github.com/hackclub/OnBoard/pull/556
555,amirzzz23,"submission, no hcb needed",https://github.com/hackclub/OnBoard/pull/555
552,Dongathan-Jong,submission,https://github.com/hackclub/OnBoard/pull/552
551,nikhilsmehta,submission,https://github.com/hackclub/OnBoard/pull/551
550,NitroBlaze20,submission,https://github.com/hackclub/OnBoard/pull/550
549,bhargavsardana,submission,https://github.com/hackclub/OnBoard/pull/549
548,angelaisthr,submission,https://github.com/hackclub/OnBoard/pull/548
547,Shaan-Duggal,submission,https://github.com/hackclub/OnBoard/pull/547
543,bowie-dev,submission,https://github.com/hackclub/OnBoard/pull/543
542,rajamandal0,submission,https://github.com/hackclub/OnBoard/pull/542
541,Rj2500,submission,https://github.com/hackclub/OnBoard/pull/541
540,arashsaifi,submission,https://github.com/hackclub/OnBoard/pull/540
536,spectralo,submission,https://github.com/hackclub/OnBoard/pull/536
535,TechN3o,submission,https://github.com/hackclub/OnBoard/pull/535
534,BlueZeeKing,submission,https://github.com/hackclub/OnBoard/pull/534
533,roy-rishi,submission,https://github.com/hackclub/OnBoard/pull/533
531,scooterthedev,submission,https://github.com/hackclub/OnBoard/pull/531
530,rivques,"submission, no hcb needed, the trail",https://github.com/hackclub/OnBoard/pull/530
529,AdaoH3,submission,https://github.com/hackclub/OnBoard/pull/529
527,APurbiya,"submission, no hcb needed",https://github.com/hackclub/OnBoard/pull/527
525,lxsquid,submission,https://github.com/hackclub/OnBoard/pull/525
524,amirzzz23,submission,https://github.com/hackclub/OnBoard/pull/524
523,ABHCI15,"submission, sd workshop",https://github.com/hackclub/OnBoard/pull/523
522,davidtfromnc,"submission, no hcb needed",https://github.com/hackclub/OnBoard/pull/522
521,Slowedcactus,"submission, sd workshop",https://github.com/hackclub/OnBoard/pull/521
520,ArnavDagar,"submission, sd workshop",https://github.com/hackclub/OnBoard/pull/520
519,kyleokun23,"submission, sd workshop",https://github.com/hackclub/OnBoard/pull/519
517,p-kancharla,submission,https://github.com/hackclub/OnBoard/pull/517
516,1933y,"submission, sd workshop",https://github.com/hackclub/OnBoard/pull/516
515,Qu-Tony-apcsa-fall2022,"submission, sd workshop",https://github.com/hackclub/OnBoard/pull/515
513,ethans0ng,"submission, sd workshop",https://github.com/hackclub/OnBoard/pull/513
512,RayYang1,"submission, sd workshop",https://github.com/hackclub/OnBoard/pull/512
511,arashsaifi,submission,https://github.com/hackclub/OnBoard/pull/511
509,sfousafouvnsadoufvdsauf,"submission, sd workshop",https://github.com/hackclub/OnBoard/pull/509
508,AgentLuigi,"submission, sd workshop",https://github.com/hackclub/OnBoard/pull/508
507,Eitan77,"submission, sd workshop",https://github.com/hackclub/OnBoard/pull/507
506,awessome13,"submission, sd workshop",https://github.com/hackclub/OnBoard/pull/506
505,DimiRrr,"submission, sd workshop",https://github.com/hackclub/OnBoard/pull/505
504,vivijayne,"submission, sd workshop",https://github.com/hackclub/OnBoard/pull/504
503,selinapan1,"submission, sd workshop",https://github.com/hackclub/OnBoard/pull/503
501,perneet-bhathal,"submission, sd workshop",https://github.com/hackclub/OnBoard/pull/501
500,mchuang413,submission,https://github.com/hackclub/OnBoard/pull/500
499,CarthyPoo,submission,https://github.com/hackclub/OnBoard/pull/499
497,Brian-Lee7,"submission, sd workshop",https://github.com/hackclub/OnBoard/pull/497
496,jonathanxue5,"submission, sd workshop",https://github.com/hackclub/OnBoard/pull/496
494,unvariant,"submission, sd workshop",https://github.com/hackclub/OnBoard/pull/494
493,jeyllii,"submission, sd workshop",https://github.com/hackclub/OnBoard/pull/493
491,Wi11iamYuan,"submission, sd workshop",https://github.com/hackclub/OnBoard/pull/491
490,Mik1k,"submission, sd workshop",https://github.com/hackclub/OnBoard/pull/490
489,bloobglob,"submission, sd workshop",https://github.com/hackclub/OnBoard/pull/489
488,tlcrack,submission,https://github.com/hackclub/OnBoard/pull/488
483,karsteny,submission,https://github.com/hackclub/OnBoard/pull/483
482,logicalbots,submission,https://github.com/hackclub/OnBoard/pull/482
480,charleszh5639,"submission, sd workshop",https://github.com/hackclub/OnBoard/pull/480
479,fellettigiacomo,submission,https://github.com/hackclub/OnBoard/pull/479
478,Dng1273,submission,https://github.com/hackclub/OnBoard/pull/478
476,Alecsis,"submission, no hcb needed",https://github.com/hackclub/OnBoard/pull/476
474,rstenlund,submission,https://github.com/hackclub/OnBoard/pull/474
471,radeeyate,submission,https://github.com/hackclub/OnBoard/pull/471
469,DefaultBanda,submission,https://github.com/hackclub/OnBoard/pull/469
468,blazecoding2009,submission,https://github.com/hackclub/OnBoard/pull/468
467,ScapularSteam,submission,https://github.com/hackclub/OnBoard/pull/467
462,krishveersk,submission,https://github.com/hackclub/OnBoard/pull/462
456,gitcomit8,submission,https://github.com/hackclub/OnBoard/pull/456
454,Mahanth-07,submission,https://github.com/hackclub/OnBoard/pull/454
453,PilliSiddharth,submission,https://github.com/hackclub/OnBoard/pull/453
452,elberto22,submission,https://github.com/hackclub/OnBoard/pull/452
451,juan-gonzalez6,submission,https://github.com/hackclub/OnBoard/pull/451
450,AriM224,"submission, no hcb needed",https://github.com/hackclub/OnBoard/pull/450
449,gitcomit8,submission,https://github.com/hackclub/OnBoard/pull/449
448,EliasDuck,submission,https://github.com/hackclub/OnBoard/pull/448
447,mikeymascatu,submission,https://github.com/hackclub/OnBoard/pull/447
446,SangTNguyen2,submission,https://github.com/hackclub/OnBoard/pull/446
444,shubhmitsharma,submission,https://github.com/hackclub/OnBoard/pull/444
442,Jckoneal,"submission, no hcb needed",https://github.com/hackclub/OnBoard/pull/442
440,davidtfromnc,submission,https://github.com/hackclub/OnBoard/pull/440
438,Alecsis,submission,https://github.com/hackclub/OnBoard/pull/438
437,CodeSakshamY,submission,https://github.com/hackclub/OnBoard/pull/437
436,voidsshadows,submission,https://github.com/hackclub/OnBoard/pull/436
434,The-A44,submission,https://github.com/hackclub/OnBoard/pull/434
433,ItsAkshatSh,submission,https://github.com/hackclub/OnBoard/pull/433
430,ANG13T,submission,https://github.com/hackclub/OnBoard/pull/430
429,locust580,submission,https://github.com/hackclub/OnBoard/pull/429
426,oliverjudson2,submission,https://github.com/hackclub/OnBoard/pull/426
424,Raptor-Coder,submission,https://github.com/hackclub/OnBoard/pull/424
423,GeckoK,submission,https://github.com/hackclub/OnBoard/pull/423
416,pxldevv,submission,https://github.com/hackclub/OnBoard/pull/416
413,revaga,submission,https://github.com/hackclub/OnBoard/pull/413
411,JustJoshingYa,submission,https://github.com/hackclub/OnBoard/pull/411
410,lowkeyvansh,submission,https://github.com/hackclub/OnBoard/pull/410
407,Toricane,submission,https://github.com/hackclub/OnBoard/pull/407
405,fhwolff,submission,https://github.com/hackclub/OnBoard/pull/405
401,Swamstick911,submission,https://github.com/hackclub/OnBoard/pull/401
396,Cai0n29,submission,https://github.com/hackclub/OnBoard/pull/396
395,Jckoneal,submission,https://github.com/hackclub/OnBoard/pull/395
390,SAVVY1710,submission,https://github.com/hackclub/OnBoard/pull/390
386,rayhanadev,submission,https://github.com/hackclub/OnBoard/pull/386
384,JoseMoranUrena523,submission,https://github.com/hackclub/OnBoard/pull/384
382,Patcybermind,submission,https://github.com/hackclub/OnBoard/pull/382
381,maxsrobotics,submission,https://github.com/hackclub/OnBoard/pull/381
380,brunoblaise,submission,https://github.com/hackclub/OnBoard/pull/380
379,Jbryant5213,submission,https://github.com/hackclub/OnBoard/pull/379
375,KoKoOogit,submission,https://github.com/hackclub/OnBoard/pull/375
367,ari-kl,submission,https://github.com/hackclub/OnBoard/pull/367
366,Lightshayan,submission,https://github.com/hackclub/OnBoard/pull/366
363,Scrlpter,submission,https://github.com/hackclub/OnBoard/pull/363
362,therealfiish,"submission, no hcb needed",https://github.com/hackclub/OnBoard/pull/362
361,ebilesh,submission,https://github.com/hackclub/OnBoard/pull/361
359,thecooldoggo,submission,https://github.com/hackclub/OnBoard/pull/359
358,EwoudVV,submission,https://github.com/hackclub/OnBoard/pull/358
357,aaronjamt,submission,https://github.com/hackclub/OnBoard/pull/357
356,APurbiya,"submission, no hcb needed",https://github.com/hackclub/OnBoard/pull/356
352,APurbiya,submission,https://github.com/hackclub/OnBoard/pull/352
351,Shortcircuit-163,submission,https://github.com/hackclub/OnBoard/pull/351
349,Scott170c,submission,https://github.com/hackclub/OnBoard/pull/349
347,KrauseOlly,submission,https://github.com/hackclub/OnBoard/pull/347
346,Brelee2222,submission,https://github.com/hackclub/OnBoard/pull/346
345,iUnstable0,submission,https://github.com/hackclub/OnBoard/pull/345
343,crnicholson,submission,https://github.com/hackclub/OnBoard/pull/343
342,Vinci-C,submission,https://github.com/hackclub/OnBoard/pull/342
341,baesianman,submission,https://github.com/hackclub/OnBoard/pull/341
340,chinh4thepro,submission,https://github.com/hackclub/OnBoard/pull/340
339,StuoodJ,submission,https://github.com/hackclub/OnBoard/pull/339
338,Jckoneal,submission,https://github.com/hackclub/OnBoard/pull/338
337,whatwareweb,submission,https://github.com/hackclub/OnBoard/pull/337
335,BioSh0cked,submission,https://github.com/hackclub/OnBoard/pull/335
334,AyaanT0,submission,https://github.com/hackclub/OnBoard/pull/334
331,shadow2418889,submission,https://github.com/hackclub/OnBoard/pull/331
325,HudsonL213,submission,https://github.com/hackclub/OnBoard/pull/325
324,BadPotato1007,submission,https://github.com/hackclub/OnBoard/pull/324
322,AriM224,submission,https://github.com/hackclub/OnBoard/pull/322
317,KaiEtkin,submission,https://github.com/hackclub/OnBoard/pull/317
315,therealfiish,submission,https://github.com/hackclub/OnBoard/pull/315
313,CoolCoderSJ,"submission, no hcb needed",https://github.com/hackclub/OnBoard/pull/313
312,KingsmanBaca,submission,https://github.com/hackclub/OnBoard/pull/312
310,AverseABFun,"submission, no hcb needed",https://github.com/hackclub/OnBoard/pull/310
309,big-man-max,submission,https://github.com/hackclub/OnBoard/pull/309
304,AgentM7,submission,https://github.com/hackclub/OnBoard/pull/304
303,aicoder2009,submission,https://github.com/hackclub/OnBoard/pull/303
302,torbers,submission,https://github.com/hackclub/OnBoard/pull/302
301,TheSaltTable,submission,https://github.com/hackclub/OnBoard/pull/301
300,thelouisgan,submission,https://github.com/hackclub/OnBoard/pull/300
297,spencerl20,submission,https://github.com/hackclub/OnBoard/pull/297
295,adammakesthingsdev,submission,https://github.com/hackclub/OnBoard/pull/295
294,AV-01,submission,https://github.com/hackclub/OnBoard/pull/294
291,polypixeldev,"submission, no hcb needed",https://github.com/hackclub/OnBoard/pull/291
290,glitchyfuzzy,submission,https://github.com/hackclub/OnBoard/pull/290
288,PilotOfGolf,submission,https://github.com/hackclub/OnBoard/pull/288
287,tamzid1000,submission,https://github.com/hackclub/OnBoard/pull/287
285,goldpanda2258,submission,https://github.com/hackclub/OnBoard/pull/285
284,alx-alexpark,submission,https://github.com/hackclub/OnBoard/pull/284
281,Vipremigini,submission,https://github.com/hackclub/OnBoard/pull/281
280,yutarour,submission,https://github.com/hackclub/OnBoard/pull/280
279,karmanyaahm,"submission, no hcb needed",https://github.com/hackclub/OnBoard/pull/279
277,ghost,submission,https://github.com/hackclub/OnBoard/pull/277
276,Connor2648,"submission, no hcb needed",https://github.com/hackclub/OnBoard/pull/276
275,2008wbbv,submission,https://github.com/hackclub/OnBoard/pull/275
274,NotIshi28,submission,https://github.com/hackclub/OnBoard/pull/274
272,28add11,submission,https://github.com/hackclub/OnBoard/pull/272
269,taciturnaxolotl,"submission, no hcb needed",https://github.com/hackclub/OnBoard/pull/269
268,rouguecrow10639,"submission, no hcb needed",https://github.com/hackclub/OnBoard/pull/268
265,AverseABFun,submission,https://github.com/hackclub/OnBoard/pull/265
262,arielTROY,submission,https://github.com/hackclub/OnBoard/pull/262
259,agreedrn,submission,https://github.com/hackclub/OnBoard/pull/259
258,DavidKarpinski,submission,https://github.com/hackclub/OnBoard/pull/258
257,Taylortot11,submission,https://github.com/hackclub/OnBoard/pull/257
253,Connor2648,submission,https://github.com/hackclub/OnBoard/pull/253
251,27bchaos,submission,https://github.com/hackclub/OnBoard/pull/251
248,Connor2648,submission,https://github.com/hackclub/OnBoard/pull/248
246,taciturnaxolotl,submission,https://github.com/hackclub/OnBoard/pull/246
245,Ethancatepete,submission,https://github.com/hackclub/OnBoard/pull/245
244,BrightTheBackpack,submission,https://github.com/hackclub/OnBoard/pull/244
243,BoredFishRE,"submission, no hcb needed",https://github.com/hackclub/OnBoard/pull/243
242,HubertK05,submission,https://github.com/hackclub/OnBoard/pull/242
241,GearBoxFox,submission,https://github.com/hackclub/OnBoard/pull/241
240,noob10293,submission,https://github.com/hackclub/OnBoard/pull/240
239,Samarpan1122,"submission, no hcb needed",https://github.com/hackclub/OnBoard/pull/239
238,AdamCodes2023,submission,https://github.com/hackclub/OnBoard/pull/238
237,mickeydarrenlau,submission,https://github.com/hackclub/OnBoard/pull/237
236,rouguecrow10639,submission,https://github.com/hackclub/OnBoard/pull/236
234,durzal1,submission,https://github.com/hackclub/OnBoard/pull/234
232,thaddeuskkr,submission,https://github.com/hackclub/OnBoard/pull/232
229,ofluffydev,submission,https://github.com/hackclub/OnBoard/pull/229
228,krrishvchhabra,"submission, no hcb needed",https://github.com/hackclub/OnBoard/pull/228
227,SerenityUX,submission,https://github.com/hackclub/OnBoard/pull/227
224,aramshiva,submission,https://github.com/hackclub/OnBoard/pull/224
222,michaelluodrone,submission,https://github.com/hackclub/OnBoard/pull/222
221,Sabya19,submission,https://github.com/hackclub/OnBoard/pull/221
220,wylited,submission,https://github.com/hackclub/OnBoard/pull/220
219,krrishvchhabra,submission,https://github.com/hackclub/OnBoard/pull/219
218,Samarpan1122,submission,https://github.com/hackclub/OnBoard/pull/218
215,arghunter,submission,https://github.com/hackclub/OnBoard/pull/215
214,Kaytlou,submission,https://github.com/hackclub/OnBoard/pull/214
212,thedev132,submission,https://github.com/hackclub/OnBoard/pull/212
209,samratbose10,submission,https://github.com/hackclub/OnBoard/pull/209
208,AsherCarneiro,submission,https://github.com/hackclub/OnBoard/pull/208
206,SirQuackyy,submission,https://github.com/hackclub/OnBoard/pull/206
205,Pradevel,submission,https://github.com/hackclub/OnBoard/pull/205
203,Kirthik-studio,submission,https://github.com/hackclub/OnBoard/pull/203
202,MichaByte,"submission, no hcb needed",https://github.com/hackclub/OnBoard/pull/202
201,Arpan-206,submission,https://github.com/hackclub/OnBoard/pull/201
200,Shrit1401,submission,https://github.com/hackclub/OnBoard/pull/200
199,ktshacx,submission,https://github.com/hackclub/OnBoard/pull/199
198,Itz-Hex,submission,https://github.com/hackclub/OnBoard/pull/198
196,andrearyang,submission,https://github.com/hackclub/OnBoard/pull/196
195,BoredFishRE,submission,https://github.com/hackclub/OnBoard/pull/195
194,alexfinger21,submission,https://github.com/hackclub/OnBoard/pull/194
192,Nikos1508,submission,https://github.com/hackclub/OnBoard/pull/192
191,XomaDev,submission,https://github.com/hackclub/OnBoard/pull/191
189,polypixeldev,submission,https://github.com/hackclub/OnBoard/pull/189
188,cskartikey,submission,https://github.com/hackclub/OnBoard/pull/188
187,2008wbbv,submission,https://github.com/hackclub/OnBoard/pull/187
185,rivques,submission,https://github.com/hackclub/OnBoard/pull/185
184,sanjus-robotic-studio,submission,https://github.com/hackclub/OnBoard/pull/184
181,Arvin-Prem,submission,https://github.com/hackclub/OnBoard/pull/181
180,thekyleliao,submission,https://github.com/hackclub/OnBoard/pull/180
179,IceChes,submission,https://github.com/hackclub/OnBoard/pull/179
178,odysseuskir,submission,https://github.com/hackclub/OnBoard/pull/178
177,one-big-unicorn,submission,https://github.com/hackclub/OnBoard/pull/177
175,devxiexie,submission,https://github.com/hackclub/OnBoard/pull/175
165,Carsblox,submission,https://github.com/hackclub/OnBoard/pull/165
164,skleenn,submission,https://github.com/hackclub/OnBoard/pull/164
162,Shaedil,submission,https://github.com/hackclub/OnBoard/pull/162
161,mrhappyma,submission,https://github.com/hackclub/OnBoard/pull/161
160,pratibha909,submission,https://github.com/hackclub/OnBoard/pull/160
159,YourAva,submission,https://github.com/hackclub/OnBoard/pull/159
141,tryingtobegoodatcoding,submission,https://github.com/hackclub/OnBoard/pull/141
140,YashasSingh,submission,https://github.com/hackclub/OnBoard/pull/140
139,Speedlet1,submission,https://github.com/hackclub/OnBoard/pull/139
138,Sheepy3,submission,https://github.com/hackclub/OnBoard/pull/138
137,rohit2898k,submission,https://github.com/hackclub/OnBoard/pull/137
135,ambraglow,submission,https://github.com/hackclub/OnBoard/pull/135
134,aryan9190,submission,https://github.com/hackclub/OnBoard/pull/134
132,Axiom0599,submission,https://github.com/hackclub/OnBoard/pull/132
130,LGN-infinity,submission,https://github.com/hackclub/OnBoard/pull/130
129,Devnol,submission,https://github.com/hackclub/OnBoard/pull/129
128,karmanyaahm,submission,https://github.com/hackclub/OnBoard/pull/128
126,ShreyShingala,submission,https://github.com/hackclub/OnBoard/pull/126
122,devramsean0,submission,https://github.com/hackclub/OnBoard/pull/122
120,olivesssoup,submission,https://github.com/hackclub/OnBoard/pull/120
115,kvnyng,submission,https://github.com/hackclub/OnBoard/pull/115
114,tandej,submission,https://github.com/hackclub/OnBoard/pull/114
113,MichaByte,submission,https://github.com/hackclub/OnBoard/pull/113
111,samarth641,submission,https://github.com/hackclub/OnBoard/pull/111
108,Amagtoto,submission,https://github.com/hackclub/OnBoard/pull/108
107,yttechnobeast105,submission,https://github.com/hackclub/OnBoard/pull/107
106,BLADE9078,submission,https://github.com/hackclub/OnBoard/pull/106
103,Namastro,submission,https://github.com/hackclub/OnBoard/pull/103
102,rohan-bansal,submission,https://github.com/hackclub/OnBoard/pull/102
100,BLADE9078,submission,https://github.com/hackclub/OnBoard/pull/100
99,sahilchess,submission,https://github.com/hackclub/OnBoard/pull/99
98,Hugoyhu,submission,https://github.com/hackclub/OnBoard/pull/98
97,alialiwa2005,submission,https://github.com/hackclub/OnBoard/pull/97
96,harshit-stacked,submission,https://github.com/hackclub/OnBoard/pull/96
94,acornitum,submission,https://github.com/hackclub/OnBoard/pull/94
89,Steve-Dusty,submission,https://github.com/hackclub/OnBoard/pull/89
88,pankajdaksh,submission,https://github.com/hackclub/OnBoard/pull/88
86,anishanne,submission,https://github.com/hackclub/OnBoard/pull/86
85,Kynson,submission,https://github.com/hackclub/OnBoard/pull/85
84,LinusSkucas,submission,https://github.com/hackclub/OnBoard/pull/84
83,DivyaeArya,submission,https://github.com/hackclub/OnBoard/pull/83
82,Hoverz12,submission,https://github.com/hackclub/OnBoard/pull/82
81,haitomnsg,submission,https://github.com/hackclub/OnBoard/pull/81
80,ansh3108,submission,https://github.com/hackclub/OnBoard/pull/80
75,camdan-me,submission,https://github.com/hackclub/OnBoard/pull/75
74,LucasHT22,submission,https://github.com/hackclub/OnBoard/pull/74
70,Shreeya-Rani,submission,https://github.com/hackclub/OnBoard/pull/70
65,smwwims,submission,https://github.com/hackclub/OnBoard/pull/65
62,EnigmaByte7,submission,https://github.com/hackclub/OnBoard/pull/62
59,sohjeet,submission,https://github.com/hackclub/OnBoard/pull/59
57,GalaxyGamingBoy,submission,https://github.com/hackclub/OnBoard/pull/57
53,itsimpeccable,submission,https://github.com/hackclub/OnBoard/pull/53
52,Babyyoda777,submission,https://github.com/hackclub/OnBoard/pull/52
51,geekjr,submission,https://github.com/hackclub/OnBoard/pull/51
50,briyandyju09,submission,https://github.com/hackclub/OnBoard/pull/50
48,DevSrijit,submission,https://github.com/hackclub/OnBoard/pull/48
47,Shrey-Mehra,submission,https://github.com/hackclub/OnBoard/pull/47
44,CoolCoderSJ,submission,https://github.com/hackclub/OnBoard/pull/44
42,Leo32345,submission,https://github.com/hackclub/OnBoard/pull/42
